69.9,358.0
50.3,358.0
59.6,357.9
69.3,357.8
31.3,357.8
37.9,357.8
10.5,357.7
56.9,357.7
18.7,357.6
50.4,357.6
10.8,357.6
19.3,357.6
69.1,357.5
13.1,357.5
37.6,357.4
33.6,357.4
61.0,357.4
27.5,357.4
64.2,357.3
28.6,357.3
23.0,357.3
27.4,357.3
26.6,357.3
50.2,357.2
43.9,357.2
12.5,357.2
32.5,357.2
9.9,357.2
21.0,357.2
20.1,357.1
53.1,357.1
24.0,357.1
15.3,357.0
16.9,357.0
9.5,357.0
43.4,357.0
64.1,357.0
27.2,356.9
12.6,356.9
10.8,356.8
37.4,356.8
11.5,356.8
65.9,356.8
60.8,356.8
24.9,356.7
55.8,356.7
62.9,356.6
38.2,356.6
65.3,356.6
58.5,356.6
27.3,356.6
47.2,356.5
51.6,356.5
64.6,356.5
55.3,356.4
67.8,356.4
67.5,356.4
65.0,356.4
15.0,356.3
33.5,356.3
53.9,356.3
38.0,356.2
18.4,356.1
34.2,356.0
41.6,356.0
21.1,356.0
43.1,356.0
13.3,355.9
29.6,355.8
52.6,355.8
27.2,355.7
12.7,355.6
52.3,355.6
10.8,355.6
31.6,355.5
59.2,355.5
13.6,355.5
40.2,355.5
30.5,355.4
22.3,355.4
27.8,355.3
15.9,355.3
65.7,355.3
23.2,355.3
66.4,355.2
11.9,355.2
48.9,355.1
62.0,355.1
67.9,355.1
9.8,355.0
25.7,355.0
13.8,355.0
19.7,355.0
59.6,355.0
29.7,354.9
17.0,354.8
17.4,354.8
46.6,354.8
19.2,354.8
30.0,354.8
56.4,354.8
69.6,354.7
65.1,354.7
39.3,354.7
12.1,354.6
67.8,354.6
25.6,354.5
13.2,354.4
23.6,354.4
55.4,354.4
26.3,354.3
49.0,354.3
66.3,354.3
28.2,354.3
39.8,354.3
59.5,354.2
14.8,354.2
59.2,354.2
56.6,354.2
45.8,354.1
38.0,354.1
20.5,354.1
47.9,354.0
12.2,354.0
10.5,354.0
24.4,354.0
21.5,354.0
10.2,353.9
50.3,353.9
33.0,353.9
7.4,353.9
34.2,353.9
54.5,353.8
54.5,353.8
19.2,353.8
47.4,353.7
39.1,353.7
7.5,353.6
36.5,353.6
26.5,353.6
40.0,353.6
17.9,353.6
30.7,353.5
37.0,353.4
13.7,353.4
21.8,353.4
60.5,353.3
19.6,353.3
32.0,353.2
19.5,353.2
41.8,353.2
18.4,353.1
32.8,353.1
32.3,353.1
42.3,353.0
48.5,353.0
44.4,352.9
69.9,352.9
59.2,352.9
7.5,352.9
59.8,352.8
24.6,352.8
32.2,352.8
52.3,352.7
52.7,352.7
57.3,352.6
61.6,352.6
28.5,352.6
65.1,352.6
30.0,352.6
43.8,352.5
48.6,352.5
43.1,352.5
67.4,352.4
58.8,352.4
31.1,352.3
9.6,352.3
11.0,352.3
12.6,352.2
33.1,352.2
15.8,352.1
32.9,352.1
67.3,352.1
38.9,352.1
63.8,352.1
47.1,352.1
31.5,352.0
9.5,352.0
64.7,352.0
29.9,352.0
46.6,351.9
61.5,351.8
30.8,351.8
60.5,351.7
64.3,351.7
32.5,351.7
18.6,351.6
44.6,351.6
36.8,351.6
32.2,351.6
20.1,351.5
70.0,351.5
53.7,351.5
38.3,351.5
51.0,351.5
8.8,351.5
26.6,351.4
56.7,351.4
58.0,351.4
39.1,351.4
35.1,351.4
58.3,351.3
10.7,351.3
23.5,351.2
55.3,351.2
14.8,351.1
21.6,351.1
63.0,351.1
14.2,351.1
27.0,351.0
65.7,351.0
54.5,351.0
25.4,350.9
33.8,350.9
65.0,350.8
56.8,350.8
17.8,350.8
37.0,350.8
9.5,350.8
57.9,350.8
31.8,350.8
36.6,350.8
38.2,350.8
20.7,350.7
52.4,350.7
52.3,350.7
23.5,350.7
46.0,350.6
19.7,350.6
26.7,350.5
22.6,350.4
67.1,350.4
55.3,350.4
44.6,350.4
37.5,350.3
51.7,350.3
24.3,350.3
10.3,350.3
49.1,350.3
27.4,350.2
29.3,350.2
37.2,350.1
18.5,350.1
37.1,350.1
57.3,350.1
62.2,350.1
62.8,350.1
60.2,350.0
12.6,349.9
36.4,349.9
12.9,349.9
19.8,349.9
15.5,349.8
58.3,349.8
14.8,349.8
65.0,349.8
27.9,349.7
68.5,349.7
40.5,349.6
43.0,349.6
44.3,349.5
17.4,349.4
34.3,349.4
30.1,349.4
45.2,349.3
69.4,349.3
18.5,349.2
16.3,349.2
40.3,349.2
43.7,349.1
38.8,349.1
31.7,349.1
61.8,349.0
41.1,349.0
70.0,348.9
29.4,348.9
38.6,348.9
15.7,348.9
31.7,348.8
34.5,348.8
48.4,348.8
17.5,348.8
39.9,348.6
50.2,348.6
28.4,348.6
15.8,348.6
37.2,348.6
58.2,348.5
22.9,348.5
27.8,348.4
26.3,348.3
69.4,348.3
9.9,348.3
15.3,348.2
60.3,348.2
28.0,348.2
12.2,348.2
26.7,348.1
14.2,348.1
34.6,348.1
19.5,348.1
65.6,348.1
55.2,348.0
28.9,347.9
25.2,347.9
61.2,347.9
59.3,347.8
33.0,347.8
60.2,347.8
24.3,347.6
28.7,347.6
37.6,347.6
58.8,347.6
20.7,347.5
54.4,347.5
13.9,347.5
55.2,347.5
28.7,347.5
34.8,347.5
45.5,347.4
35.8,347.4
23.3,347.4
52.7,347.4
40.1,347.4
56.1,347.3
38.6,347.3
29.1,347.3
41.9,347.2
13.5,347.2
25.8,347.2
37.0,347.2
9.0,347.2
31.9,347.2
32.5,347.1
15.1,347.1
21.9,347.1
21.3,347.0
27.1,346.9
63.9,346.9
53.1,346.8
31.3,346.8
36.8,346.7
16.6,346.7
37.5,346.7
62.6,346.6
13.0,346.6
36.0,346.6
18.1,346.4
25.6,346.3
50.7,346.3
58.5,346.3
40.8,346.3
27.2,346.3
62.6,346.3
35.6,346.2
51.0,346.2
62.9,346.2
19.4,346.2
15.0,346.2
36.8,346.1
36.1,346.1
19.2,346.1
31.2,346.1
37.0,346.1
60.3,346.0
69.3,345.9
14.4,345.9
48.6,345.9
63.7,345.9
62.1,345.8
27.7,345.8
40.2,345.8
21.0,345.8
43.7,345.8
68.2,345.8
59.3,345.7
54.5,345.7
10.4,345.6
32.7,345.6
37.1,345.6
32.3,345.5
33.4,345.5
41.7,345.5
26.3,345.4
28.3,345.4
29.9,345.3
12.6,345.3
28.4,345.3
29.5,345.2
21.4,345.2
45.5,345.2
59.0,345.1
20.9,345.1
64.0,345.1
67.0,345.1
13.6,345.0
54.6,345.0
12.2,345.0
12.1,345.0
40.0,344.9
8.8,344.9
27.0,344.8
8.5,344.8
36.4,344.8
46.0,344.8
51.5,344.8
11.3,344.7
24.5,344.7
51.2,344.7
13.8,344.7
43.4,344.7
21.2,344.7
45.0,344.7
25.9,344.7
51.2,344.6
27.2,344.5
7.0,344.5
24.0,344.5
22.0,344.5
30.2,344.4
8.5,344.4
36.1,344.4
61.4,344.3
42.5,344.3
56.6,344.3
51.5,344.3
49.5,344.3
49.9,344.3
21.5,344.3
18.7,344.1
23.2,344.1
61.8,344.1
26.3,344.1
28.0,344.1
31.7,344.1
10.6,344.0
52.1,344.0
66.8,344.0
50.2,344.0
14.8,344.0
56.4,344.0
28.1,344.0
62.4,343.9
32.1,343.8
66.7,343.8
56.5,343.8
25.4,343.7
51.7,343.7
59.4,343.7
27.4,343.7
52.7,343.6
41.6,343.6
35.4,343.6
49.6,343.4
38.7,343.4
10.0,343.3
35.0,343.3
38.9,343.3
30.5,343.3
23.4,343.3
42.0,343.2
66.0,343.2
56.6,343.2
52.5,343.2
37.5,343.1
66.7,343.0
42.8,343.0
68.5,343.0
28.7,343.0
38.1,343.0
53.7,343.0
58.2,343.0
7.4,342.9
57.9,342.9
47.5,342.9
67.0,342.9
56.2,342.9
42.9,342.7
43.2,342.7
8.1,342.6
55.2,342.5
60.1,342.5
37.7,342.5
41.3,342.5
10.1,342.4
15.9,342.4
23.4,342.4
26.9,342.4
19.3,342.3
10.4,342.2
61.2,342.2
69.3,342.2
13.9,342.2
14.1,342.1
18.6,342.1
11.7,342.1
28.9,342.1
21.3,342.0
40.6,342.0
35.4,342.0
37.0,342.0
17.4,342.0
20.6,342.0
59.6,342.0
36.0,341.9
17.3,341.8
14.0,341.8
30.8,341.7
32.2,341.7
23.7,341.7
42.1,341.6
8.9,341.6
14.5,341.6
43.5,341.6
53.1,341.5
22.3,341.5
32.1,341.5
67.3,341.5
22.6,341.5
11.3,341.4
29.3,341.4
57.3,341.4
60.4,341.4
63.9,341.4
38.0,341.4
20.9,341.4
53.9,341.3
15.9,341.3
43.4,341.2
43.4,341.2
69.5,341.2
52.7,341.2
16.8,341.2
49.9,341.1
29.1,341.1
35.0,341.1
7.1,341.0
67.6,341.0
45.5,340.9
16.1,340.9
7.3,340.8
12.9,340.8
27.7,340.8
17.4,340.8
53.0,340.8
17.5,340.8
28.5,340.7
40.0,340.7
37.8,340.6
60.2,340.6
35.7,340.6
56.4,340.5
55.4,340.5
15.2,340.5
39.9,340.5
9.6,340.4
52.2,340.3
12.4,340.3
19.0,340.3
41.1,340.3
43.4,340.2
10.1,340.2
16.2,340.1
32.9,340.1
38.9,339.9
26.3,339.9
20.3,339.9
29.8,339.9
38.4,339.9
39.3,339.9
55.6,339.8
36.6,339.8
16.5,339.8
56.2,339.8
47.1,339.7
67.7,339.7
24.0,339.7
25.7,339.6
32.3,339.6
59.8,339.6
13.2,339.5
38.1,339.4
28.9,339.4
31.7,339.4
40.0,339.3
38.4,339.3
36.1,339.3
57.7,339.3
43.4,339.2
27.0,339.2
37.1,339.2
47.3,339.2
27.3,339.1
10.1,339.1
58.1,339.1
47.3,339.1
42.8,339.1
28.4,339.0
25.9,339.0
69.6,339.0
46.5,338.9
29.9,338.9
47.4,338.9
18.5,338.9
50.9,338.8
31.4,338.8
39.5,338.7
64.6,338.6
13.3,338.6
17.0,338.5
23.1,338.5
36.9,338.5
47.3,338.4
43.8,338.4
43.7,338.4
69.5,338.3
16.2,338.2
68.6,338.2
60.5,338.2
55.4,338.2
38.8,338.1
38.7,338.1
67.5,338.1
43.7,337.9
62.9,337.9
69.6,337.9
68.1,337.9
48.5,337.9
40.2,337.9
63.1,337.9
39.0,337.8
24.8,337.8
45.3,337.8
66.7,337.8
43.2,337.7
22.8,337.6
53.3,337.6
46.6,337.6
38.3,337.6
40.9,337.6
68.9,337.5
47.6,337.3
65.6,337.3
41.4,337.2
55.8,337.2
35.3,337.2
58.3,337.1
23.0,337.1
64.8,337.1
56.9,337.1
65.9,337.1
28.0,337.1
15.1,337.0
31.1,337.0
39.4,337.0
27.3,337.0
57.1,336.9
33.3,336.9
34.4,336.8
16.0,336.7
50.8,336.7
28.9,336.7
15.5,336.6
22.1,336.5
28.8,336.5
17.8,336.4
57.2,336.4
63.6,336.4
51.6,336.4
42.0,336.4
12.0,336.4
55.6,336.4
42.6,336.3
43.4,336.3
48.8,336.3
34.7,336.2
43.9,336.2
49.9,336.2
45.2,336.2
29.4,336.1
18.0,336.0
53.5,336.0
45.7,336.0
14.7,336.0
22.8,335.9
45.2,335.9
13.1,335.9
50.4,335.9
67.4,335.9
30.6,335.8
15.5,335.8
19.5,335.8
30.8,335.7
20.9,335.7
20.4,335.7
52.7,335.6
40.1,335.6
32.8,335.6
59.7,335.6
54.6,335.5
22.1,335.5
9.4,335.4
66.3,335.4
20.8,335.3
47.5,335.3
23.3,335.3
31.5,335.2
35.7,335.2
35.1,335.2
36.7,335.1
53.0,335.1
45.0,335.1
25.4,335.0
64.0,335.0
9.3,334.9
59.9,334.9
12.9,334.8
16.5,334.8
16.0,334.7
38.3,334.7
16.4,334.7
26.8,334.7
13.4,334.6
23.6,334.6
23.1,334.6
23.0,334.6
10.4,334.5
39.0,334.5
53.6,334.5
55.8,334.5
57.5,334.5
50.0,334.5
23.4,334.4
29.1,334.4
65.6,334.4
34.1,334.3
26.8,334.3
58.5,334.3
65.4,334.3
58.8,334.2
59.4,334.2
34.3,334.1
63.3,334.1
23.3,334.1
38.5,334.0
19.1,334.0
13.4,334.0
63.4,334.0
8.6,334.0
35.2,334.0
68.1,334.0
21.4,334.0
33.3,333.9
60.8,333.9
58.4,333.9
31.8,333.8
55.4,333.8
54.0,333.8
59.9,333.7
9.8,333.7
26.3,333.7
24.0,333.6
13.2,333.6
7.1,333.6
33.9,333.6
54.8,333.6
54.3,333.5
38.5,333.5
44.5,333.5
65.6,333.4
30.0,333.4
11.3,333.4
45.1,333.3
18.1,333.2
20.4,333.2
17.1,333.2
19.6,333.1
61.3,333.1
37.0,333.1
52.7,333.0
45.8,333.0
33.9,333.0
38.6,332.9
21.1,332.9
44.5,332.9
37.7,332.9
59.6,332.9
23.1,332.8
50.5,332.8
30.6,332.8
13.7,332.8
20.5,332.7
69.1,332.7
7.7,332.6
66.2,332.6
58.5,332.6
45.4,332.6
14.8,332.6
21.0,332.5
24.7,332.5
63.7,332.5
29.0,332.5
69.1,332.5
21.1,332.4
13.3,332.4
49.1,332.3
36.6,332.3
60.2,332.3
7.0,332.2
55.6,332.2
57.4,332.1
7.1,332.1
60.1,332.1
53.3,332.0
69.2,332.0
69.9,332.0
24.2,332.0
59.5,331.9
45.2,331.9
27.1,331.8
16.6,331.8
37.5,331.8
14.5,331.8
64.1,331.8
42.2,331.8
44.9,331.7
27.7,331.7
15.2,331.6
42.0,331.6
55.7,331.6
51.5,331.5
48.8,331.5
15.5,331.5
37.1,331.4
68.0,331.4
17.5,331.4
63.8,331.3
55.7,331.3
49.2,331.2
47.1,331.2
17.5,331.1
19.3,331.1
31.0,331.0
29.8,331.0
7.7,331.0
55.7,331.0
30.8,331.0
48.6,330.9
46.4,330.9
34.3,330.9
55.8,330.9
36.4,330.9
57.7,330.8
8.7,330.8
48.0,330.7
20.2,330.7
65.5,330.7
51.0,330.7
22.9,330.7
54.6,330.6
42.4,330.6
58.6,330.6
43.6,330.6
56.3,330.6
16.3,330.5
64.9,330.5
31.2,330.5
39.6,330.5
27.8,330.4
28.8,330.4
58.4,330.3
11.6,330.3
59.1,330.2
60.3,330.2
61.8,330.2
27.3,330.2
13.0,330.2
15.9,330.2
55.3,330.1
52.4,330.1
42.7,330.1
38.5,330.0
21.4,330.0
52.2,330.0
18.6,329.9
9.6,329.9
23.1,329.9
26.4,329.8
31.9,329.8
37.8,329.8
55.4,329.8
34.0,329.8
39.1,329.8
27.8,329.7
7.6,329.7
65.7,329.7
35.1,329.7
27.3,329.6
68.0,329.6
49.3,329.5
68.5,329.5
68.3,329.5
10.2,329.5
41.6,329.5
17.4,329.4
17.6,329.4
35.8,329.4
7.7,329.4
62.0,329.3
59.5,329.3
12.1,329.3
23.5,329.3
12.3,329.3
48.5,329.2
13.7,329.2
51.3,329.1
67.2,329.1
25.9,329.1
24.8,329.1
67.8,329.0
12.6,329.0
38.6,328.9
53.2,328.9
36.4,328.9
68.6,328.9
38.3,328.9
17.6,328.8
59.0,328.8
68.8,328.8
20.7,328.8
47.8,328.7
59.3,328.6
12.3,328.5
39.8,328.4
22.2,328.4
35.7,328.4
32.6,328.4
9.2,328.4
57.8,328.4
9.5,328.3
40.0,328.3
12.8,328.3
60.3,328.1
67.1,328.1
16.1,328.1
23.6,328.0
40.7,328.0
57.8,328.0
57.6,328.0
64.0,328.0
35.0,327.9
62.8,327.9
44.3,327.9
39.0,327.9
64.6,327.8
56.7,327.8
8.2,327.8
40.4,327.8
36.9,327.8
39.6,327.7
31.9,327.7
11.0,327.7
29.2,327.7
37.8,327.6
38.0,327.6
26.2,327.6
44.3,327.6
49.6,327.6
63.3,327.5
34.0,327.5
29.6,327.5
20.0,327.4
17.1,327.4
45.3,327.4
48.9,327.3
50.9,327.3
20.5,327.3
11.2,327.3
12.5,327.2
44.8,327.2
50.9,327.1
61.8,327.1
29.2,327.1
12.2,327.0
21.9,327.0
66.1,327.0
53.7,327.0
19.9,327.0
30.2,326.9
49.8,326.9
26.5,326.8
50.3,326.8
61.7,326.8
66.6,326.8
36.4,326.8
67.2,326.7
8.8,326.7
42.0,326.7
58.4,326.6
65.3,326.6
56.1,326.6
55.2,326.5
62.6,326.5
8.5,326.4
50.9,326.4
64.9,326.4
59.6,326.4
66.5,326.3
33.9,326.3
30.5,326.3
18.1,326.2
19.3,326.2
29.5,326.1
57.7,326.1
57.9,326.0
63.6,326.0
50.9,326.0
43.8,326.0
52.7,326.0
16.4,326.0
31.1,326.0
58.2,325.9
21.1,325.9
65.9,325.8
28.8,325.7
31.5,325.7
38.8,325.7
41.5,325.6
24.4,325.6
56.4,325.5
62.6,325.5
8.3,325.4
29.1,325.4
29.0,325.3
39.4,325.2
66.2,325.2
23.2,325.1
49.9,325.1
47.3,325.1
52.3,325.0
22.7,325.0
26.1,324.9
63.6,324.9
16.7,324.9
8.2,324.8
68.2,324.8
48.9,324.8
32.1,324.7
10.4,324.6
21.9,324.6
69.3,324.5
50.9,324.5
58.5,324.5
63.5,324.4
56.6,324.4
32.4,324.4
21.5,324.4
18.0,324.2
49.9,324.2
16.1,324.2
70.0,324.1
58.9,324.1
31.4,324.1
35.5,324.1
9.8,324.0
59.8,324.0
44.2,324.0
7.5,323.9
7.6,323.9
29.4,323.9
40.7,323.9
19.8,323.8
22.3,323.7
12.8,323.7
40.2,323.7
10.4,323.7
9.4,323.6
31.2,323.6
51.2,323.6
8.2,323.6
12.8,323.5
59.9,323.5
49.7,323.5
8.1,323.4
25.5,323.4
17.9,323.4
28.8,323.2
49.7,323.2
62.0,323.1
17.6,323.1
30.6,323.1
54.0,323.1
40.2,323.0
64.3,323.0
62.5,323.0
27.1,323.0
42.7,323.0
27.8,322.9
38.8,322.9
28.0,322.8
51.1,322.8
35.7,322.7
64.6,322.7
19.6,322.5
23.1,322.5
69.4,322.5
9.2,322.5
58.3,322.5
33.2,322.5
60.6,322.4
65.1,322.4
13.6,322.3
49.5,322.2
69.7,322.2
23.5,322.1
13.4,322.0
21.9,322.0
25.9,322.0
26.7,321.9
21.2,321.9
47.2,321.8
24.6,321.8
8.8,321.8
24.1,321.8
19.2,321.8
68.5,321.7
48.9,321.7
20.7,321.7
10.6,321.7
43.7,321.7
59.1,321.7
13.2,321.6
24.8,321.5
24.1,321.5
57.3,321.5
42.5,321.5
57.0,321.5
50.7,321.4
51.7,321.3
58.1,321.3
21.0,321.3
17.5,321.2
17.8,321.2
46.4,321.2
66.9,321.1
41.7,321.1
52.3,321.1
59.5,321.1
29.8,321.0
19.0,321.0
20.0,321.0
49.9,321.0
25.9,321.0
46.4,320.9
22.8,320.9
20.5,320.9
41.5,320.8
55.8,320.8
64.9,320.7
12.4,320.7
15.8,320.7
41.9,320.6
7.2,320.6
39.8,320.5
66.1,320.5
52.6,320.4
21.2,320.4
12.4,320.4
41.1,320.4
47.2,320.3
39.7,320.3
53.1,320.1
22.8,320.1
37.9,320.0
20.1,320.0
13.2,320.0
24.3,320.0
41.4,320.0
57.9,319.7
32.0,319.7
60.1,319.6
52.3,319.6
64.6,319.6
52.3,319.6
13.5,319.5
26.4,319.5
31.9,319.5
58.4,319.5
23.1,319.4
63.7,319.4
13.3,319.4
65.6,319.4
65.5,319.3
42.8,319.2
27.2,319.2
8.7,319.2
28.9,319.2
53.1,319.1
48.4,319.1
49.5,319.0
45.2,319.0
8.9,318.9
67.7,318.9
68.8,318.9
21.2,318.9
42.8,318.9
34.9,318.9
54.1,318.8
44.5,318.8
42.4,318.8
17.3,318.8
37.7,318.8
51.9,318.8
13.3,318.7
48.8,318.6
20.9,318.6
23.2,318.5
58.4,318.5
58.5,318.4
64.0,318.4
25.5,318.4
7.5,318.4
58.1,318.3
60.0,318.3
39.9,318.3
63.5,318.3
33.5,318.2
50.5,318.2
54.0,318.1
57.9,318.1
38.1,318.1
45.2,318.1
46.0,318.1
22.9,318.0
36.9,317.9
69.2,317.9
21.1,317.9
38.2,317.9
66.9,317.8
37.5,317.8
57.7,317.8
34.2,317.7
7.8,317.7
11.6,317.7
43.4,317.6
25.8,317.6
8.4,317.4
13.7,317.4
48.2,317.4
29.8,317.4
15.2,317.3
19.5,317.3
46.8,317.3
32.5,317.3
7.4,317.3
42.8,317.2
19.2,317.2
22.6,317.2
27.5,317.1
22.2,317.1
10.7,317.1
38.2,317.0
39.1,316.9
8.5,316.9
60.8,316.8
40.8,316.8
23.1,316.8
37.1,316.8
25.8,316.7
68.7,316.6
20.3,316.6
63.1,316.6
42.0,316.6
18.7,316.5
67.2,316.5
43.9,316.4
61.2,316.4
23.9,316.3
41.2,316.3
40.9,316.3
41.4,316.2
39.3,316.2
23.5,316.2
13.9,316.1
62.0,316.1
52.2,316.1
52.4,316.1
26.3,316.1
58.3,316.1
41.1,316.0
7.6,315.9
10.3,315.9
19.8,315.8
63.9,315.7
51.2,315.7
36.8,315.6
66.5,315.6
15.7,315.4
65.3,315.4
63.4,315.3
40.3,315.3
15.2,315.2
14.6,315.2
14.4,315.2
68.7,315.2
50.1,315.2
21.3,315.2
45.2,315.1
26.8,315.1
10.0,315.1
9.1,315.1
23.6,315.0
31.3,314.9
29.9,314.9
13.3,314.9
40.1,314.8
48.2,314.8
52.2,314.7
41.0,314.7
44.9,314.7
52.2,314.7
46.8,314.5
33.8,314.5
68.2,314.5
40.9,314.4
18.1,314.4
49.8,314.4
8.2,314.4
55.0,314.4
12.0,314.3
58.5,314.3
38.0,314.2
20.8,314.2
18.0,314.2
65.5,314.2
38.8,314.1
39.9,314.1
35.6,314.1
21.3,314.1
27.8,314.1
23.5,314.1
20.7,314.0
64.0,314.0
50.7,314.0
12.0,313.9
13.2,313.9
26.0,313.9
12.8,313.8
32.0,313.8
41.0,313.8
25.7,313.8
9.0,313.8
46.5,313.7
25.9,313.7
23.6,313.6
44.4,313.6
42.9,313.5
31.5,313.5
46.9,313.5
49.9,313.5
17.8,313.4
45.4,313.4
16.2,313.4
65.4,313.3
19.5,313.2
33.8,313.2
15.0,313.1
32.8,313.0
61.2,312.9
47.4,312.9
64.2,312.9
13.6,312.9
12.5,312.9
31.7,312.8
17.2,312.7
36.6,312.7
27.6,312.6
40.7,312.6
52.6,312.6
57.3,312.6
28.0,312.5
36.2,312.5
63.9,312.5
27.2,312.5
57.9,312.5
23.7,312.4
65.9,312.4
26.8,312.3
58.6,312.3
16.7,312.3
34.6,312.3
50.5,312.3
49.7,312.2
19.2,312.2
51.8,312.2
45.3,312.2
51.5,312.2
60.3,312.2
52.3,312.1
37.4,312.1
38.9,312.1
35.9,312.0
12.8,312.0
63.5,311.9
67.0,311.8
29.9,311.8
61.3,311.8
67.4,311.7
60.5,311.7
13.2,311.7
24.0,311.7
20.8,311.7
38.6,311.7
10.3,311.6
25.3,311.6
68.4,311.6
16.5,311.5
38.1,311.5
27.1,311.4
51.7,311.4
47.5,311.4
7.5,311.4
52.5,311.4
13.9,311.4
15.9,311.4
7.7,311.3
62.6,311.3
47.1,311.2
25.4,311.2
64.6,311.2
38.5,311.2
24.5,311.1
44.6,311.1
24.3,311.1
56.9,311.0
39.7,311.0
64.8,311.0
52.5,311.0
42.3,310.9
54.8,310.9
49.8,310.9
30.3,310.9
25.2,310.8
26.1,310.8
20.2,310.8
18.8,310.7
65.5,310.6
22.9,310.6
35.7,310.6
7.4,310.6
48.9,310.6
61.2,310.5
45.8,310.5
62.1,310.5
11.6,310.5
34.8,310.5
26.1,310.5
59.8,310.5
48.3,310.5
58.5,310.4
68.8,310.4
9.2,310.4
31.3,310.3
54.6,310.3
35.5,310.2
58.4,310.1
28.2,309.9
24.3,309.9
24.0,309.9
21.7,309.8
19.0,309.8
65.1,309.8
62.6,309.8
49.1,309.7
56.6,309.6
28.9,309.6
14.9,309.6
16.1,309.5
24.3,309.5
54.5,309.5
57.7,309.4
34.6,309.4
56.5,309.4
57.2,309.3
9.2,309.3
13.8,309.2
35.7,309.2
59.6,309.2
42.8,309.2
28.0,309.1
68.6,309.1
56.6,309.1
55.2,309.1
43.4,309.0
57.3,309.0
64.0,309.0
39.9,309.0
56.5,309.0
30.0,309.0
52.2,309.0
35.7,308.9
41.5,308.9
49.7,308.8
43.9,308.8
41.6,308.8
69.4,308.8
67.0,308.8
36.2,308.8
19.5,308.8
50.8,308.8
54.6,308.8
8.5,308.8
37.9,308.7
50.4,308.7
21.0,308.7
65.8,308.6
49.7,308.6
51.5,308.6
44.5,308.6
45.4,308.6
37.2,308.5
32.6,308.5
11.2,308.4
48.8,308.4
22.7,308.3
8.4,308.3
16.9,308.3
37.1,308.2
12.4,308.2
13.6,308.2
63.9,308.1
47.0,308.1
45.5,308.0
55.9,308.0
33.2,308.0
34.3,308.0
29.8,308.0
32.7,307.9
30.6,307.7
45.4,307.7
42.4,307.7
13.6,307.6
23.2,307.6
18.9,307.5
9.6,307.4
35.6,307.4
24.4,307.4
60.9,307.4
61.7,307.4
62.3,307.4
32.2,307.4
10.0,307.3
16.9,307.2
58.8,307.2
8.8,307.2
64.1,307.1
16.5,307.1
68.7,307.1
64.5,307.0
23.1,307.0
55.4,306.9
65.6,306.8
33.4,306.7
34.5,306.5
21.4,306.5
7.5,306.5
28.0,306.4
24.5,306.4
35.1,306.4
14.1,306.4
21.9,306.4
30.7,306.3
21.2,306.3
46.9,306.2
25.1,306.2
25.9,306.2
62.5,306.1
31.1,306.1
63.5,306.1
7.2,306.0
70.0,306.0
65.7,305.9
24.3,305.9
10.3,305.9
65.9,305.9
11.0,305.9
65.8,305.8
52.8,305.7
62.0,305.7
49.0,305.7
26.0,305.7
32.3,305.7
14.7,305.6
52.5,305.6
53.5,305.6
33.1,305.6
24.7,305.6
17.2,305.6
18.1,305.5
47.1,305.5
35.4,305.4
56.7,305.3
51.8,305.3
21.6,305.3
42.9,305.2
16.1,305.2
43.3,305.2
30.1,305.2
16.3,305.1
14.6,305.0
30.8,305.0
60.7,305.0
52.0,304.9
31.1,304.8
65.3,304.8
20.2,304.7
60.2,304.7
51.2,304.6
48.5,304.5
22.7,304.5
68.2,304.5
28.2,304.4
35.1,304.4
26.1,304.4
65.3,304.4
65.6,304.3
58.9,304.3
61.3,304.3
47.5,304.3
12.4,304.1
21.1,304.1
23.4,304.1
27.3,304.1
58.1,303.9
10.6,303.9
66.9,303.8
48.3,303.8
12.6,303.8
29.1,303.7
14.8,303.7
66.3,303.6
11.8,303.6
45.4,303.5
65.5,303.5
60.7,303.5
24.9,303.5
62.0,303.4
49.1,303.3
57.7,303.3
62.2,303.1
24.5,303.1
21.4,303.1
17.8,303.0
45.8,303.0
52.1,302.9
50.6,302.9
34.0,302.9
13.2,302.9
8.4,302.8
36.1,302.8
52.0,302.8
59.4,302.8
24.1,302.7
66.2,302.7
15.3,302.7
46.0,302.7
16.0,302.6
60.3,302.6
45.8,302.6
24.0,302.5
17.2,302.5
49.8,302.4
62.4,302.4
38.2,302.4
54.1,302.4
27.1,302.4
10.9,302.4
33.5,302.3
21.9,302.2
25.1,302.2
46.9,302.2
48.7,302.1
64.5,302.1
24.8,302.1
32.1,302.1
12.8,302.1
53.9,302.1
67.4,302.0
11.7,302.0
56.9,302.0
69.9,302.0
10.5,301.9
23.7,301.9
40.0,301.9
44.1,301.8
47.8,301.8
60.1,301.7
58.7,301.7
58.8,301.7
49.3,301.7
35.0,301.6
33.1,301.6
53.6,301.6
29.5,301.6
70.0,301.5
65.4,301.4
44.0,301.3
61.2,301.2
34.5,301.2
43.6,301.2
55.5,301.2
25.7,301.2
54.4,301.1
18.3,301.1
50.0,301.1
43.6,301.0
54.2,301.0
16.5,301.0
16.3,300.9
59.2,300.9
13.5,300.8
53.3,300.8
30.4,300.8
25.1,300.7
59.8,300.7
12.5,300.7
61.3,300.7
42.1,300.7
60.9,300.6
23.5,300.5
37.0,300.4
46.2,300.3
17.8,300.3
68.8,300.2
49.7,300.2
62.0,300.1
12.2,300.1
49.9,300.1
48.7,300.1
50.8,300.0
66.7,300.0
31.0,300.0
41.0,300.0
39.9,300.0
51.5,299.9
54.2,299.8
11.3,299.7
40.6,299.7
10.8,299.7
27.5,299.7
45.5,299.7
16.5,299.6
29.7,299.6
46.8,299.6
10.2,299.6
22.3,299.6
35.7,299.5
68.7,299.5
7.7,299.5
18.2,299.4
52.7,299.4
58.6,299.4
7.5,299.3
41.2,299.3
30.4,299.2
53.9,299.2
69.7,299.2
62.6,299.2
66.7,299.1
15.3,299.1
11.8,299.0
62.4,299.0
33.6,298.9
10.4,298.9
17.8,298.9
39.1,298.9
33.5,298.8
66.8,298.8
55.1,298.8
38.5,298.8
11.4,298.8
52.9,298.8
31.7,298.8
14.4,298.7
58.5,298.6
68.5,298.6
49.6,298.6
68.0,298.6
54.9,298.6
17.3,298.5
36.5,298.4
8.3,298.3
20.7,298.3
28.7,298.3
56.0,298.3
46.2,298.2
59.8,298.2
20.0,298.2
18.0,298.2
20.5,298.1
39.8,298.1
34.3,298.1
29.3,298.1
57.6,298.1
60.9,298.1
27.4,298.1
48.7,298.0
39.2,298.0
55.3,298.0
30.7,298.0
65.8,298.0
19.0,298.0
64.1,298.0
57.9,297.9
7.3,297.9
7.9,297.9
27.9,297.8
65.0,297.8
12.7,297.7
45.3,297.7
55.3,297.6
57.7,297.6
20.4,297.6
60.4,297.6
33.1,297.6
56.2,297.6
68.1,297.6
33.8,297.4
61.5,297.4
52.2,297.3
55.1,297.3
35.5,297.3
69.3,297.3
38.8,297.3
11.1,296.9
35.6,296.9
28.1,296.8
13.4,296.8
39.5,296.7
33.4,296.7
29.4,296.7
61.4,296.7
14.1,296.7
13.8,296.7
56.2,296.7
23.0,296.6
59.2,296.6
55.1,296.6
13.6,296.5
35.9,296.5
29.1,296.5
51.0,296.5
59.3,296.4
45.6,296.3
10.0,296.3
36.4,296.2
36.1,296.2
48.0,296.2
65.0,296.1
38.3,296.1
58.0,296.1
57.2,296.0
54.8,296.0
28.0,295.9
26.2,295.9
44.4,295.8
19.6,295.8
61.9,295.7
42.0,295.7
37.4,295.7
24.9,295.6
45.6,295.6
64.9,295.6
33.7,295.6
51.4,295.5
8.0,295.5
16.6,295.5
37.8,295.4
61.8,295.3
22.1,295.3
39.6,295.3
10.3,295.3
56.1,295.2
17.2,295.2
14.1,295.1
20.9,295.1
40.9,295.1
43.2,295.0
12.9,294.9
29.5,294.9
47.1,294.9
27.1,294.9
64.4,294.8
17.6,294.8
65.3,294.7
65.0,294.6
65.0,294.5
53.3,294.4
69.0,294.4
54.0,294.4
60.6,294.4
9.7,294.3
14.2,294.3
38.3,294.3
45.9,294.1
66.6,294.1
26.8,294.1
25.4,294.0
65.4,294.0
7.6,294.0
43.5,294.0
11.4,293.9
28.0,293.9
42.6,293.8
58.4,293.8
22.0,293.7
19.2,293.6
11.5,293.6
65.7,293.6
53.3,293.5
48.2,293.5
10.0,293.4
39.7,293.4
41.1,293.4
39.9,293.4
67.6,293.3
7.7,293.3
20.0,293.2
40.8,293.2
46.7,293.1
49.9,293.1
42.7,293.0
41.3,293.0
27.0,293.0
33.3,293.0
21.9,293.0
22.2,293.0
26.9,293.0
61.6,292.9
24.4,292.9
16.2,292.9
42.2,292.9
52.5,292.9
20.6,292.9
26.8,292.9
42.0,292.8
16.7,292.8
47.9,292.7
21.6,292.7
13.9,292.7
68.1,292.6
15.8,292.5
65.0,292.5
44.4,292.5
48.4,292.4
51.0,292.4
35.0,292.4
65.3,292.3
57.2,292.3
26.4,292.3
34.4,292.3
50.0,292.3
46.5,292.2
52.4,292.2
53.5,292.2
23.4,292.1
41.5,292.1
61.9,292.1
58.3,291.9
11.0,291.9
65.3,291.9
23.3,291.9
49.4,291.9
44.5,291.9
36.3,291.9
41.8,291.8
25.2,291.8
63.9,291.8
68.9,291.8
43.3,291.7
35.5,291.6
20.5,291.6
41.6,291.6
27.9,291.6
63.5,291.6
69.4,291.6
20.7,291.6
35.1,291.6
14.3,291.6
26.7,291.5
56.2,291.5
44.8,291.5
9.1,291.5
10.3,291.4
36.0,291.4
11.3,291.3
59.8,291.3
15.7,291.3
13.2,291.2
49.4,291.2
50.4,291.2
18.4,291.2
45.4,291.1
62.3,291.0
16.6,290.8
35.6,290.8
16.8,290.7
27.8,290.7
55.2,290.7
18.8,290.6
46.4,290.5
59.8,290.5
19.9,290.5
21.6,290.4
34.7,290.4
32.8,290.3
49.0,290.3
25.0,290.2
32.3,290.2
27.4,290.2
20.5,290.2
33.3,290.2
19.0,290.0
47.5,290.0
33.7,290.0
67.1,289.9
42.6,289.8
60.4,289.8
28.7,289.8
32.3,289.8
27.3,289.6
15.9,289.6
36.3,289.6
26.4,289.5
52.7,289.4
42.9,289.4
47.7,289.4
9.3,289.4
66.4,289.3
41.5,289.3
53.3,289.3
35.9,289.3
40.4,289.2
28.9,289.2
17.1,289.2
64.9,289.2
26.0,289.2
26.3,289.1
9.0,289.1
39.1,289.0
44.6,289.0
66.4,288.9
25.2,288.8
12.2,288.7
22.6,288.7
28.5,288.6
35.5,288.6
24.2,288.6
38.9,288.6
31.3,288.6
23.6,288.6
18.4,288.5
11.1,288.5
56.5,288.5
49.0,288.5
54.0,288.4
35.7,288.4
46.0,288.3
30.7,288.3
54.0,288.3
43.0,288.3
17.7,288.3
43.3,288.3
39.6,288.2
49.2,288.2
43.8,288.1
24.8,288.0
58.8,288.0
29.2,287.9
53.5,287.9
54.2,287.9
12.6,287.8
31.0,287.8
58.3,287.8
8.8,287.8
42.4,287.8
50.2,287.6
15.9,287.6
57.9,287.6
25.2,287.5
58.4,287.3
61.2,287.2
19.0,287.2
11.5,287.1
58.6,287.1
34.7,287.0
47.3,287.0
39.3,287.0
62.1,287.0
36.1,287.0
10.5,286.9
64.8,286.9
32.4,286.9
8.8,286.9
25.9,286.9
50.0,286.8
25.8,286.8
8.9,286.8
16.6,286.8
24.4,286.8
59.9,286.7
68.9,286.7
37.8,286.7
38.4,286.6
62.7,286.6
58.8,286.5
18.7,286.5
67.0,286.4
23.7,286.4
56.1,286.3
52.1,286.2
38.5,286.2
9.5,286.2
27.9,286.1
42.3,286.1
45.6,286.1
67.9,286.1
67.7,286.0
32.4,286.0
14.5,286.0
67.2,285.9
40.2,285.9
27.4,285.9
63.7,285.9
51.8,285.9
65.9,285.8
14.3,285.8
49.1,285.8
56.1,285.8
13.0,285.7
64.4,285.7
13.9,285.7
39.5,285.6
63.6,285.6
40.9,285.6
37.0,285.6
34.4,285.5
35.3,285.5
45.0,285.5
49.3,285.5
43.3,285.4
16.9,285.4
41.1,285.4
7.1,285.4
29.5,285.3
20.3,285.3
43.7,285.2
69.1,285.2
60.2,285.1
9.9,285.1
8.5,285.1
60.6,285.1
24.0,285.1
44.3,285.0
30.9,285.0
10.9,285.0
41.6,284.9
26.8,284.8
53.9,284.8
27.9,284.8
29.8,284.8
39.0,284.7
26.2,284.7
64.8,284.7
26.2,284.7
13.7,284.7
35.5,284.6
68.8,284.6
26.2,284.5
41.7,284.5
19.8,284.5
67.7,284.5
44.1,284.5
50.2,284.5
40.1,284.5
9.4,284.5
63.4,284.5
41.2,284.5
41.8,284.5
27.1,284.4
8.5,284.4
33.1,284.4
46.3,284.4
30.6,284.4
57.7,284.4
57.3,284.4
20.3,284.4
53.4,284.3
28.9,284.3
40.3,284.3
21.2,284.3
51.6,284.3
46.1,284.1
25.6,284.1
47.7,284.0
28.5,284.0
56.2,284.0
64.7,283.9
21.5,283.9
69.3,283.9
58.3,283.9
10.7,283.9
68.0,283.9
23.1,283.8
34.5,283.8
59.3,283.8
19.4,283.7
12.6,283.7
62.8,283.6
33.4,283.6
28.8,283.6
60.3,283.5
42.4,283.5
15.4,283.5
55.4,283.5
66.6,283.5
36.5,283.5
54.0,283.5
53.3,283.5
43.0,283.4
39.1,283.3
52.6,283.3
54.0,283.3
42.0,283.3
60.5,283.2
8.7,283.2
44.0,283.1
38.7,283.0
54.5,283.0
39.7,283.0
54.5,282.9
14.3,282.9
8.3,282.9
63.9,282.9
46.0,282.8
10.4,282.8
18.3,282.8
53.9,282.8
43.0,282.7
49.4,282.7
20.5,282.7
34.3,282.7
50.1,282.6
25.1,282.6
36.1,282.5
15.2,282.5
7.1,282.5
15.2,282.5
53.4,282.4
16.7,282.4
68.3,282.3
45.5,282.3
69.7,282.3
17.9,282.3
40.7,282.2
44.2,282.2
35.4,282.2
13.9,282.2
19.0,282.1
38.4,282.1
17.1,282.1
48.4,281.9
59.3,281.9
50.6,281.8
19.3,281.7
56.3,281.7
48.8,281.7
18.1,281.7
21.4,281.6
42.9,281.6
55.3,281.6
26.9,281.5
65.0,281.5
68.1,281.5
27.3,281.5
41.1,281.4
23.5,281.4
12.0,281.4
54.7,281.3
47.8,281.2
14.1,281.2
27.2,281.2
26.6,281.2
25.0,281.1
8.3,281.1
26.6,281.1
37.9,281.1
46.2,281.0
10.6,281.0
30.8,281.0
20.3,280.9
15.7,280.9
22.2,280.9
32.9,280.9
25.4,280.8
61.2,280.8
10.9,280.8
38.5,280.7
12.2,280.7
46.8,280.7
16.1,280.7
65.3,280.6
17.1,280.6
67.7,280.5
49.9,280.5
45.5,280.5
60.4,280.4
11.9,280.4
17.2,280.3
63.9,280.3
18.0,280.2
38.6,280.1
35.8,280.1
21.7,280.0
27.4,280.0
61.9,279.9
60.6,279.9
52.0,279.8
33.9,279.8
11.8,279.8
33.3,279.8
59.4,279.7
26.7,279.6
53.2,279.5
11.0,279.5
62.8,279.4
34.1,279.4
17.0,279.4
58.0,279.4
59.5,279.4
42.1,279.3
10.8,279.3
22.0,279.3
60.3,279.3
11.7,279.3
69.5,279.3
11.9,279.3
10.7,279.2
39.2,279.0
29.5,279.0
12.8,279.0
57.2,279.0
64.2,278.9
62.2,278.9
30.1,278.9
19.8,278.9
26.1,278.8
46.0,278.8
17.6,278.8
23.3,278.8
44.4,278.7
19.4,278.6
36.6,278.5
12.7,278.5
42.7,278.4
68.9,278.3
38.7,278.2
68.4,278.2
36.9,278.1
16.2,278.1
16.7,278.0
32.9,278.0
20.2,278.0
57.5,278.0
31.9,278.0
39.4,277.9
19.8,277.9
47.5,277.9
34.1,277.9
20.7,277.8
55.9,277.8
45.9,277.8
30.4,277.8
31.0,277.7
26.7,277.7
30.8,277.6
26.4,277.6
44.4,277.6
41.8,277.6
32.9,277.6
17.2,277.6
19.2,277.6
11.3,277.5
37.2,277.5
48.7,277.5
10.0,277.4
53.8,277.3
63.9,277.3
28.5,277.2
69.1,277.2
7.6,277.2
24.4,277.1
67.7,277.1
39.7,277.1
68.5,277.1
66.7,277.1
41.4,277.0
33.8,277.0
41.4,276.9
27.8,276.9
40.9,276.9
43.1,276.9
39.3,276.8
58.8,276.8
48.7,276.8
11.4,276.8
15.4,276.7
9.4,276.7
11.8,276.7
21.0,276.7
60.2,276.6
58.1,276.6
43.8,276.6
11.4,276.6
9.4,276.6
53.3,276.6
49.5,276.5
59.6,276.5
26.1,276.4
48.2,276.4
8.0,276.3
44.3,276.3
31.7,276.2
57.7,276.2
12.2,276.1
28.2,276.1
62.6,276.0
46.3,276.0
25.6,276.0
44.6,276.0
32.3,275.9
43.3,275.9
68.4,275.9
22.9,275.8
69.8,275.8
33.7,275.8
22.3,275.8
33.7,275.7
35.8,275.7
7.5,275.7
58.6,275.6
58.1,275.6
56.1,275.6
43.5,275.5
66.7,275.4
55.9,275.4
68.6,275.4
43.5,275.4
16.3,275.3
55.8,275.3
38.9,275.3
28.8,275.3
68.5,275.3
10.4,275.2
41.6,275.1
8.0,275.0
46.2,275.0
16.9,275.0
31.3,275.0
17.5,274.8
43.6,274.8
32.3,274.8
64.0,274.8
12.2,274.7
8.1,274.7
22.9,274.6
57.2,274.6
54.6,274.6
13.5,274.6
62.3,274.6
11.4,274.6
21.4,274.5
55.4,274.5
53.5,274.5
65.2,274.5
67.2,274.4
48.1,274.4
36.9,274.3
51.7,274.3
55.1,274.1
69.1,274.1
22.8,274.1
38.7,274.1
48.9,274.1
32.7,274.0
17.5,274.0
46.5,274.0
48.4,274.0
19.5,273.9
58.0,273.9
63.0,273.9
23.8,273.9
11.9,273.9
37.6,273.8
64.0,273.8
46.0,273.7
34.0,273.7
33.8,273.6
62.5,273.6
46.2,273.6
9.7,273.5
54.3,273.5
26.6,273.4
15.1,273.3
43.8,273.3
65.1,273.3
9.8,273.3
18.4,273.3
66.0,273.1
66.9,273.1
24.9,273.1
68.9,273.0
29.7,273.0
12.9,272.9
11.0,272.9
65.5,272.9
21.4,272.9
63.2,272.8
66.8,272.8
43.8,272.7
34.2,272.7
46.2,272.6
35.4,272.6
28.0,272.5
55.5,272.5
38.2,272.5
59.6,272.5
23.0,272.5
15.5,272.4
42.1,272.4
8.0,272.4
42.5,272.3
16.1,272.3
17.5,272.3
27.3,272.2
13.2,272.2
25.0,272.2
20.6,272.1
45.8,272.1
12.5,272.0
25.9,271.9
7.3,271.9
22.8,271.9
39.0,271.9
18.4,271.9
23.3,271.9
46.8,271.9
60.0,271.9
8.5,271.8
7.1,271.8
40.8,271.8
48.2,271.8
38.3,271.8
11.0,271.8
14.3,271.8
34.1,271.7
36.9,271.7
43.7,271.7
9.2,271.7
34.2,271.7
37.8,271.7
44.1,271.6
58.2,271.6
27.2,271.6
30.9,271.5
46.9,271.4
10.0,271.4
54.6,271.4
7.8,271.3
42.9,271.3
25.4,271.3
63.3,271.1
20.0,271.1
69.9,271.1
11.1,271.1
7.9,271.0
14.3,271.0
21.6,270.9
64.0,270.8
27.6,270.8
41.6,270.7
48.4,270.7
21.3,270.7
56.4,270.7
27.6,270.6
20.4,270.6
25.2,270.6
54.2,270.6
63.6,270.5
58.4,270.5
68.1,270.5
12.1,270.5
24.5,270.4
58.9,270.4
11.4,270.4
58.9,270.4
22.8,270.3
16.5,270.3
48.6,270.2
37.6,270.2
16.0,270.1
69.2,270.1
54.7,270.1
29.1,270.0
45.9,270.0
65.0,269.9
62.3,269.9
34.9,269.9
28.1,269.9
54.8,269.9
20.5,269.7
17.6,269.7
53.7,269.7
55.3,269.6
17.4,269.5
53.5,269.5
58.8,269.5
24.5,269.4
16.6,269.4
48.7,269.4
31.9,269.3
68.1,269.3
22.4,269.3
61.2,269.3
40.2,269.3
35.6,269.2
33.4,269.2
13.5,269.0
8.9,269.0
51.4,268.9
37.3,268.9
41.0,268.9
14.0,268.9
66.6,268.9
26.9,268.9
70.0,268.8
53.3,268.8
62.7,268.8
7.0,268.8
14.5,268.8
12.1,268.7
49.0,268.7
66.5,268.7
32.4,268.6
16.3,268.5
53.4,268.5
14.6,268.5
66.0,268.5
54.0,268.5
58.6,268.5
61.6,268.4
45.9,268.4
46.1,268.4
44.9,268.4
24.3,268.4
29.1,268.4
53.3,268.4
47.2,268.3
11.5,268.3
58.2,268.3
27.5,268.3
23.4,268.3
45.0,268.2
20.3,268.2
44.0,268.1
20.0,268.1
30.3,268.0
32.9,268.0
14.2,268.0
63.9,267.9
20.1,267.8
68.3,267.8
52.3,267.8
64.8,267.8
61.0,267.8
57.1,267.7
14.3,267.7
49.0,267.6
42.5,267.6
53.2,267.6
28.6,267.6
9.2,267.6
24.1,267.6
17.3,267.6
46.5,267.5
31.0,267.5
62.0,267.5
65.3,267.4
62.7,267.4
10.4,267.4
35.8,267.4
32.6,267.4
34.9,267.3
51.2,267.2
60.4,267.2
37.1,267.1
42.0,267.1
50.0,267.0
34.9,266.9
64.4,266.8
18.4,266.7
32.6,266.7
9.3,266.6
39.6,266.6
47.8,266.5
20.6,266.5
18.5,266.5
65.3,266.4
50.3,266.4
49.4,266.3
18.2,266.3
8.9,266.3
48.4,266.3
17.0,266.2
31.8,266.2
7.8,266.2
41.5,266.2
33.2,266.1
36.9,266.1
51.7,266.0
29.1,266.0
42.0,266.0
38.9,266.0
35.3,266.0
8.1,266.0
28.6,266.0
14.6,266.0
52.3,266.0
63.4,266.0
64.6,265.9
30.1,265.9
55.5,265.9
60.4,265.8
53.2,265.8
58.5,265.8
7.6,265.8
22.1,265.8
41.9,265.8
16.6,265.8
30.8,265.8
9.2,265.7
12.9,265.6
65.3,265.6
45.1,265.6
52.5,265.5
59.8,265.5
30.2,265.5
52.2,265.5
50.4,265.3
51.8,265.2
36.9,265.2
34.8,265.2
69.0,265.2
29.1,265.2
39.8,265.2
68.0,265.1
37.6,265.1
30.7,265.1
16.2,265.0
20.3,264.9
68.5,264.9
13.8,264.8
35.0,264.8
12.3,264.7
22.6,264.7
32.5,264.7
36.9,264.5
48.9,264.5
9.5,264.5
42.9,264.5
33.7,264.5
69.2,264.5
54.7,264.5
61.7,264.4
26.5,264.4
28.4,264.3
20.9,264.2
29.2,264.1
17.2,264.0
48.2,263.9
23.4,263.9
8.4,263.9
16.0,263.8
51.9,263.8
65.5,263.8
58.4,263.8
29.3,263.8
19.9,263.8
44.8,263.7
31.0,263.7
25.5,263.7
21.3,263.7
11.2,263.6
42.4,263.6
10.7,263.6
46.8,263.6
45.0,263.6
58.3,263.6
33.1,263.5
10.9,263.5
60.7,263.5
40.8,263.4
20.5,263.4
49.7,263.3
65.0,263.3
25.9,263.2
14.3,263.2
46.7,263.0
62.7,263.0
14.1,262.9
29.5,262.9
11.8,262.9
67.9,262.8
49.0,262.7
17.6,262.7
19.4,262.6
68.8,262.6
62.9,262.6
14.5,262.5
14.5,262.5
68.0,262.5
38.4,262.5
58.6,262.5
55.0,262.4
41.5,262.4
24.5,262.4
47.6,262.4
35.4,262.4
13.5,262.3
17.4,262.3
64.2,262.3
64.5,262.2
66.0,262.2
28.3,262.1
12.1,262.1
65.8,262.1
68.0,262.1
60.3,262.1
58.4,262.0
62.8,262.0
49.3,262.0
33.7,262.0
10.0,262.0
43.7,262.0
31.5,261.8
61.8,261.8
34.1,261.8
16.8,261.7
13.2,261.7
46.3,261.5
40.9,261.5
28.9,261.5
58.7,261.3
55.9,261.3
37.0,261.3
45.5,261.3
19.2,261.2
69.2,261.2
39.2,261.2
65.4,261.2
33.9,261.1
60.9,261.1
45.8,261.1
67.0,261.0
19.2,260.9
46.1,260.9
56.4,260.9
53.9,260.8
40.5,260.8
26.4,260.7
66.9,260.7
49.6,260.7
65.4,260.6
62.9,260.6
13.9,260.6
38.5,260.6
42.1,260.5
29.4,260.5
48.8,260.3
36.1,260.3
42.1,260.3
45.9,260.3
55.5,260.3
35.7,260.2
33.9,260.2
7.8,260.2
45.5,260.1
68.3,260.1
52.7,260.1
19.9,260.1
30.6,260.1
55.8,259.9
45.3,259.9
31.1,259.9
64.4,259.9
53.1,259.9
34.9,259.8
66.9,259.8
46.0,259.8
47.1,259.7
58.2,259.7
24.1,259.7
11.1,259.7
52.9,259.7
64.2,259.5
66.2,259.5
12.6,259.4
13.6,259.4
55.6,259.2
45.3,259.2
45.1,259.2
63.0,259.1
34.8,259.0
39.1,259.0
44.8,258.9
68.2,258.9
49.8,258.9
48.4,258.9
51.4,258.9
66.6,258.9
52.9,258.8
58.3,258.8
33.2,258.8
20.0,258.8
63.3,258.7
44.7,258.7
41.1,258.7
58.4,258.7
45.8,258.7
56.6,258.6
62.1,258.6
8.5,258.6
41.1,258.6
30.3,258.5
15.9,258.5
56.3,258.4
30.5,258.4
12.5,258.4
21.8,258.4
50.5,258.4
69.9,258.4
50.9,258.4
41.4,258.3
29.1,258.3
68.9,258.2
47.2,258.2
36.7,258.1
32.9,258.1
44.1,258.0
55.6,258.0
30.1,258.0
17.4,257.9
53.9,257.9
64.5,257.9
51.0,257.8
39.6,257.8
22.9,257.8
43.2,257.8
26.7,257.7
32.1,257.7
42.3,257.7
56.2,257.7
56.0,257.7
67.1,257.6
31.2,257.6
42.9,257.6
13.8,257.6
31.3,257.5
65.8,257.5
8.1,257.5
69.4,257.5
54.3,257.5
17.4,257.4
38.4,257.4
56.6,257.3
40.9,257.3
7.8,257.3
63.3,257.2
65.9,257.2
61.2,257.2
53.8,257.1
57.6,257.1
58.4,257.1
12.1,257.0
63.9,257.0
55.3,257.0
34.9,257.0
69.3,256.9
15.4,256.9
36.3,256.8
33.0,256.8
42.1,256.8
32.0,256.8
17.4,256.7
39.9,256.6
33.9,256.5
28.5,256.5
47.3,256.4
67.3,256.4
35.1,256.4
25.1,256.4
44.7,256.4
34.5,256.4
10.0,256.4
44.6,256.4
30.1,256.3
35.2,256.3
66.5,256.3
49.4,256.3
36.8,256.3
57.1,256.3
56.8,256.2
54.8,256.2
54.9,256.2
11.9,256.2
28.7,256.2
25.7,256.1
49.4,256.1
39.5,256.1
16.5,256.1
11.7,256.0
57.8,255.9
31.7,255.8
68.9,255.8
22.1,255.8
51.3,255.7
23.0,255.7
33.5,255.7
67.3,255.6
38.6,255.6
22.8,255.6
29.5,255.6
65.7,255.5
68.3,255.4
54.6,255.3
16.6,255.3
44.1,255.3
31.4,255.2
38.8,255.2
43.4,255.1
33.6,255.1
16.5,255.1
22.4,255.1
24.6,255.0
28.5,255.0
61.4,254.9
23.0,254.9
13.3,254.9
9.7,254.8
45.2,254.8
32.3,254.7
63.2,254.7
65.9,254.7
66.3,254.7
41.3,254.6
44.5,254.6
56.9,254.6
15.6,254.5
56.9,254.5
69.7,254.5
26.7,254.5
47.8,254.4
13.5,254.4
51.8,254.4
24.7,254.4
63.8,254.4
20.7,254.4
54.4,254.4
43.5,254.3
56.5,254.3
51.8,254.2
17.2,254.1
20.6,254.1
41.9,254.0
34.4,254.0
25.0,254.0
65.3,254.0
38.0,253.9
15.7,253.8
53.4,253.8
14.4,253.7
32.7,253.7
28.6,253.7
48.8,253.7
45.9,253.7
69.7,253.7
27.1,253.6
65.3,253.6
53.8,253.5
59.3,253.5
60.4,253.5
16.2,253.5
16.5,253.5
41.6,253.5
27.9,253.5
11.4,253.5
64.1,253.4
57.5,253.4
64.5,253.3
56.1,253.2
21.5,253.2
39.2,253.2
35.1,253.1
32.4,253.1
41.0,253.1
69.3,253.0
44.0,253.0
65.2,253.0
31.1,252.9
22.7,252.9
11.9,252.8
29.8,252.7
67.4,252.7
69.1,252.6
66.7,252.6
65.8,252.6
37.4,252.6
42.0,252.5
20.5,252.4
36.7,252.4
35.0,252.4
65.3,252.3
37.2,252.3
65.2,252.3
15.1,252.2
28.7,252.2
33.0,252.2
46.8,252.1
10.6,252.1
10.1,252.1
27.7,252.0
41.3,252.0
28.2,252.0
48.3,252.0
42.8,252.0
14.4,251.9
26.8,251.9
65.4,251.9
10.7,251.9
9.6,251.8
35.7,251.8
39.8,251.8
66.0,251.7
7.8,251.7
60.1,251.6
31.3,251.6
25.5,251.6
53.8,251.5
58.1,251.4
16.3,251.4
58.4,251.4
9.3,251.4
23.5,251.3
41.7,251.2
9.6,251.2
69.9,251.2
29.1,251.1
22.5,251.1
42.5,251.0
45.5,251.0
9.2,251.0
18.8,251.0
49.6,250.9
63.1,250.9
67.0,250.9
60.1,250.9
59.1,250.9
10.0,250.8
60.9,250.8
9.5,250.8
44.5,250.7
23.2,250.7
60.8,250.7
19.5,250.7
60.2,250.6
50.2,250.6
34.9,250.6
32.4,250.5
41.9,250.4
15.2,250.4
54.8,250.4
49.3,250.4
35.3,250.4
49.5,250.3
23.0,250.3
42.4,250.2
60.8,250.2
9.9,250.2
24.7,250.2
36.4,250.2
26.7,250.1
45.8,250.1
45.6,250.1
52.8,250.1
60.6,250.1
65.5,250.1
36.4,250.1
37.2,250.0
57.8,250.0
28.2,250.0
34.8,249.9
45.4,249.9
11.1,249.9
32.7,249.8
12.9,249.7
56.7,249.6
34.8,249.6
58.0,249.6
60.0,249.5
24.7,249.5
44.9,249.5
36.2,249.4
47.7,249.4
69.0,249.4
9.1,249.3
12.9,249.3
24.4,249.3
31.4,249.3
25.8,249.3
8.7,249.3
59.2,249.3
51.4,249.2
9.0,249.2
39.0,249.2
60.5,249.2
67.3,249.1
45.5,249.1
22.3,249.1
44.3,248.9
34.9,248.8
57.4,248.8
16.5,248.8
57.7,248.8
39.3,248.8
51.7,248.7
49.8,248.7
46.9,248.7
66.3,248.7
40.2,248.7
15.9,248.7
16.4,248.6
20.4,248.6
13.6,248.5
17.0,248.5
34.0,248.5
61.9,248.5
19.5,248.4
49.4,248.4
26.2,248.4
30.1,248.1
29.4,248.1
33.0,248.1
34.4,248.0
37.3,247.9
22.4,247.9
69.2,247.7
7.8,247.7
57.4,247.6
19.7,247.6
28.7,247.6
8.4,247.6
18.4,247.5
50.0,247.5
47.0,247.5
61.0,247.4
45.0,247.4
39.5,247.3
33.7,247.3
35.9,247.3
29.6,247.3
23.8,247.3
55.4,247.3
52.3,247.3
41.3,247.3
62.1,247.2
40.7,247.2
60.0,247.2
20.0,247.2
10.1,247.2
51.7,247.1
34.9,247.1
8.2,247.1
48.8,247.1
7.4,247.0
39.9,247.0
38.6,247.0
53.9,247.0
25.6,246.9
68.3,246.9
49.1,246.9
30.5,246.9
37.6,246.8
37.4,246.7
43.5,246.7
41.9,246.7
43.7,246.6
62.6,246.5
41.8,246.4
21.0,246.3
22.1,246.1
15.4,246.1
63.8,246.1
40.7,246.1
64.2,246.1
37.0,246.0
28.7,246.0
35.4,246.0
15.4,246.0
10.5,245.9
68.7,245.9
67.7,245.9
45.8,245.9
25.8,245.8
42.8,245.7
15.2,245.6
62.0,245.5
67.0,245.5
63.8,245.4
31.6,245.4
10.2,245.4
66.6,245.4
40.6,245.4
43.8,245.3
21.3,245.2
12.7,245.2
66.6,245.1
13.8,245.1
16.2,245.1
18.5,245.0
54.9,245.0
64.5,245.0
13.9,245.0
58.4,245.0
21.5,244.9
60.6,244.9
62.6,244.9
19.8,244.8
47.1,244.8
49.4,244.8
58.4,244.8
66.4,244.8
38.4,244.8
64.3,244.8
47.4,244.8
27.2,244.7
45.7,244.7
48.8,244.7
8.4,244.7
28.5,244.6
35.7,244.6
34.7,244.6
65.7,244.6
7.6,244.6
34.1,244.4
22.6,244.4
32.4,244.3
9.8,244.3
37.6,244.3
38.6,244.2
47.2,244.2
55.9,244.2
30.7,244.1
69.7,244.1
29.9,244.1
12.3,244.0
22.7,244.0
10.3,244.0
33.2,244.0
19.9,244.0
47.7,244.0
63.0,243.9
43.5,243.7
59.0,243.7
7.0,243.6
35.8,243.6
60.9,243.5
45.9,243.4
42.9,243.4
27.0,243.4
55.2,243.3
59.4,243.3
60.6,243.3
59.4,243.3
53.2,243.2
43.4,243.1
48.7,243.1
31.8,243.1
45.6,243.0
37.6,243.0
69.6,242.9
39.0,242.9
38.5,242.9
15.4,242.9
14.1,242.9
42.9,242.9
66.8,242.9
54.6,242.9
49.2,242.8
43.8,242.7
32.4,242.7
59.0,242.7
45.2,242.7
41.9,242.6
8.1,242.6
56.7,242.6
44.9,242.6
53.8,242.6
7.8,242.5
34.4,242.5
68.3,242.5
37.6,242.5
16.2,242.4
68.1,242.3
51.1,242.3
18.4,242.3
34.9,242.3
40.8,242.2
67.7,242.2
41.9,242.1
9.1,242.1
58.4,242.0
31.6,242.0
37.0,241.9
38.0,241.7
41.7,241.7
61.0,241.7
14.7,241.7
36.9,241.6
45.9,241.6
12.0,241.6
55.1,241.6
31.0,241.6
10.5,241.6
32.5,241.6
44.7,241.6
50.4,241.5
69.0,241.5
22.0,241.5
11.9,241.5
63.9,241.5
47.9,241.4
9.1,241.4
55.2,241.4
61.2,241.3
37.5,241.2
16.5,241.2
69.8,241.2
42.6,241.2
64.0,241.2
32.2,241.2
20.2,241.1
20.8,241.1
9.4,241.1
17.9,241.1
59.5,241.1
48.2,241.1
18.8,241.0
52.9,241.0
18.0,241.0
9.1,241.0
36.5,240.9
16.2,240.9
22.4,240.9
28.1,240.9
8.0,240.9
49.2,240.8
28.9,240.8
49.6,240.8
51.3,240.7
20.5,240.7
12.4,240.7
39.9,240.6
25.4,240.6
53.6,240.5
49.0,240.3
25.6,240.3
69.5,240.3
30.4,240.2
50.2,240.2
13.6,240.2
24.2,240.2
57.0,240.1
29.8,240.1
25.9,240.1
14.0,240.0
43.4,240.0
19.6,239.9
29.4,239.9
36.4,239.9
9.0,239.9
28.8,239.9
50.2,239.8
16.6,239.8
54.6,239.7
68.1,239.7
43.6,239.6
68.4,239.6
31.7,239.6
33.1,239.6
36.6,239.5
68.4,239.5
40.9,239.5
42.2,239.4
52.6,239.4
24.1,239.4
20.7,239.4
22.5,239.3
60.7,239.3
19.5,239.3
24.2,239.3
23.6,239.3
16.4,239.3
44.8,239.3
32.9,239.2
18.2,239.2
45.8,239.2
11.5,239.2
8.7,239.2
9.6,239.2
43.3,239.2
58.1,239.2
7.3,239.2
17.0,239.2
63.1,239.1
63.2,239.1
62.3,239.1
26.2,239.0
67.1,239.0
57.4,238.9
32.0,238.9
53.4,238.9
51.7,238.9
16.0,238.9
44.7,238.8
55.7,238.8
49.6,238.8
54.2,238.7
69.1,238.7
52.1,238.7
69.2,238.7
62.2,238.7
53.7,238.6
66.9,238.6
23.3,238.5
64.4,238.5
28.6,238.5
48.3,238.5
45.0,238.4
61.2,238.4
32.9,238.3
41.9,238.3
11.3,238.2
62.7,238.2
26.3,238.1
60.7,238.1
7.6,238.1
18.4,238.0
16.7,238.0
52.3,237.9
45.0,237.9
43.2,237.8
65.3,237.8
55.3,237.7
47.3,237.6
19.6,237.6
40.2,237.6
40.2,237.5
32.1,237.5
44.8,237.5
58.8,237.5
47.3,237.4
26.2,237.4
18.5,237.4
49.6,237.4
49.0,237.4
65.6,237.3
10.0,237.3
44.1,237.1
28.1,237.1
63.8,237.1
11.5,237.1
67.9,237.0
62.4,237.0
26.1,236.9
60.3,236.9
52.5,236.8
10.8,236.8
26.0,236.8
8.7,236.8
68.4,236.8
31.4,236.7
18.3,236.6
54.6,236.6
33.9,236.6
19.9,236.6
34.1,236.5
18.6,236.5
17.3,236.5
52.9,236.5
9.2,236.4
55.3,236.3
50.2,236.2
32.8,236.2
54.3,236.2
23.8,236.1
65.0,236.1
54.5,236.1
53.0,236.0
17.7,236.0
27.0,236.0
9.3,236.0
16.2,235.9
24.5,235.8
32.1,235.8
47.9,235.7
22.9,235.7
26.1,235.6
49.1,235.6
30.9,235.6
61.6,235.5
57.5,235.5
55.5,235.5
55.6,235.4
31.4,235.4
7.9,235.3
53.2,235.2
17.6,235.2
49.7,235.2
50.9,235.1
58.7,235.1
32.2,234.9
47.7,234.8
60.3,234.8
39.5,234.7
34.5,234.7
27.5,234.7
34.3,234.6
29.8,234.6
59.5,234.6
69.6,234.6
68.2,234.5
66.3,234.5
32.3,234.5
10.2,234.4
22.4,234.4
54.6,234.4
34.3,234.4
17.7,234.4
54.2,234.3
31.0,234.3
41.5,234.2
45.4,234.2
64.1,234.2
57.7,234.2
11.2,234.1
67.8,234.1
22.1,234.1
36.0,234.0
54.8,233.9
23.2,233.9
69.9,233.9
11.4,233.8
10.0,233.8
32.5,233.7
22.4,233.7
13.9,233.7
50.6,233.7
23.9,233.7
31.3,233.7
60.1,233.6
30.3,233.6
69.9,233.6
17.0,233.5
48.0,233.5
55.9,233.5
17.0,233.5
49.8,233.4
44.5,233.4
36.9,233.4
14.5,233.4
48.3,233.3
10.9,233.3
55.4,233.2
14.3,233.2
33.1,233.2
8.6,233.1
18.1,233.0
37.8,233.0
53.4,233.0
13.5,232.9
47.7,232.9
60.2,232.9
39.9,232.8
57.3,232.8
55.2,232.7
52.1,232.7
29.3,232.7
45.5,232.6
8.9,232.6
13.0,232.6
35.4,232.5
28.5,232.4
44.5,232.4
64.0,232.4
63.2,232.4
36.2,232.3
27.5,232.3
31.5,232.2
47.7,232.2
54.9,232.2
37.0,232.2
14.1,232.0
48.7,232.0
46.1,232.0
42.7,231.9
42.0,231.9
58.8,231.9
54.8,231.8
28.4,231.8
17.5,231.7
52.9,231.7
19.0,231.7
11.9,231.7
43.8,231.6
65.6,231.6
21.9,231.6
22.6,231.6
33.2,231.6
56.9,231.6
61.8,231.5
32.3,231.5
31.8,231.5
60.1,231.5
69.3,231.5
21.9,231.5
59.6,231.4
19.8,231.4
53.7,231.3
54.0,231.3
57.9,231.3
16.9,231.3
62.3,231.2
7.6,231.2
28.3,231.2
67.7,231.1
49.0,231.1
69.3,231.1
30.4,231.0
55.9,231.0
23.3,231.0
43.7,231.0
67.9,230.9
18.3,230.9
53.8,230.9
66.7,230.8
63.5,230.8
26.2,230.8
23.1,230.7
49.2,230.7
7.7,230.7
44.0,230.6
13.8,230.5
33.6,230.5
8.4,230.4
32.0,230.4
25.9,230.4
54.5,230.3
62.5,230.3
15.0,230.2
8.1,230.2
60.0,230.1
40.3,230.1
41.7,230.0
59.7,230.0
28.6,230.0
40.2,230.0
10.7,230.0
52.1,229.9
45.3,229.9
30.9,229.9
14.1,229.9
7.1,229.8
44.5,229.8
44.2,229.8
67.0,229.8
20.9,229.7
11.3,229.7
25.9,229.7
62.1,229.7
63.1,229.6
38.6,229.6
66.3,229.6
36.3,229.6
49.3,229.6
19.0,229.6
62.3,229.5
62.4,229.5
47.2,229.5
20.9,229.4
53.1,229.4
30.6,229.4
24.4,229.4
43.3,229.3
22.3,229.1
26.2,229.1
20.9,229.1
7.8,229.0
21.7,229.0
57.0,228.9
64.5,228.9
68.0,228.8
38.8,228.8
50.0,228.8
47.8,228.8
45.6,228.8
30.9,228.7
58.6,228.7
12.9,228.7
23.0,228.7
49.7,228.7
52.9,228.7
63.3,228.6
50.1,228.5
16.2,228.5
54.9,228.4
51.0,228.3
61.6,228.3
49.3,228.3
15.8,228.3
60.3,228.3
65.6,228.2
66.6,228.2
63.5,228.2
26.7,228.1
44.1,228.1
64.7,228.0
59.7,228.0
17.7,227.9
38.3,227.9
58.6,227.9
29.2,227.8
19.1,227.8
53.4,227.7
51.8,227.7
64.6,227.7
11.5,227.7
51.8,227.7
45.6,227.6
59.2,227.6
37.5,227.5
22.7,227.5
12.6,227.5
65.5,227.1
63.2,227.1
62.4,227.1
54.7,227.1
16.8,227.1
49.5,227.0
35.8,227.0
63.4,227.0
37.9,227.0
26.4,226.9
36.0,226.9
36.8,226.9
66.3,226.9
59.6,226.8
62.9,226.8
19.0,226.7
58.3,226.7
50.6,226.7
40.5,226.6
66.5,226.5
20.5,226.5
52.9,226.5
52.9,226.4
35.1,226.4
65.7,226.4
36.3,226.4
43.5,226.4
14.7,226.3
30.6,226.3
37.5,226.3
12.6,226.3
7.0,226.2
31.6,226.2
60.6,226.1
56.5,226.1
46.3,226.1
47.7,226.1
56.7,226.1
63.8,226.0
9.3,226.0
44.0,226.0
16.7,226.0
21.7,225.9
32.8,225.9
11.9,225.9
16.0,225.8
33.4,225.8
10.4,225.8
57.2,225.8
17.3,225.8
32.1,225.8
68.3,225.8
24.9,225.7
69.9,225.7
44.3,225.6
19.9,225.6
48.3,225.6
64.6,225.5
43.4,225.5
30.3,225.4
17.5,225.4
66.6,225.4
45.5,225.4
15.0,225.4
47.9,225.4
43.7,225.3
68.9,225.3
31.4,225.3
41.6,225.3
45.6,225.3
51.2,225.2
69.9,225.2
30.3,225.2
47.5,225.1
59.5,225.0
33.8,225.0
57.7,225.0
60.4,225.0
28.1,225.0
46.7,225.0
22.3,225.0
7.0,224.9
33.6,224.8
37.0,224.8
59.0,224.8
65.2,224.7
68.1,224.7
15.4,224.7
49.5,224.6
63.6,224.6
13.1,224.6
8.4,224.5
20.6,224.5
46.0,224.5
28.6,224.5
55.3,224.5
32.2,224.4
58.2,224.3
63.3,224.3
36.6,224.1
38.3,224.1
12.5,224.0
46.8,224.0
34.3,223.9
25.0,223.8
33.3,223.7
34.6,223.7
20.9,223.7
21.7,223.6
15.5,223.6
43.1,223.6
14.0,223.5
58.2,223.5
60.7,223.5
13.1,223.5
43.5,223.5
18.3,223.3
18.7,223.3
7.1,223.3
19.3,223.3
45.8,223.2
18.0,223.2
41.3,223.2
48.1,223.2
50.6,223.2
18.9,223.2
34.7,223.2
44.9,223.2
47.7,223.2
12.4,223.2
38.4,223.1
66.9,223.1
14.2,223.1
49.1,223.0
65.2,223.0
22.9,222.8
10.4,222.8
24.2,222.8
21.9,222.8
34.4,222.8
21.1,222.7
13.9,222.7
58.8,222.6
62.0,222.6
38.4,222.6
8.7,222.6
69.6,222.5
7.9,222.5
56.6,222.5
67.0,222.4
7.9,222.4
54.9,222.4
44.1,222.4
27.9,222.3
36.4,222.2
38.9,222.2
8.7,222.2
69.8,222.1
40.7,222.1
28.9,222.1
21.7,222.1
43.9,222.1
11.4,222.0
58.2,222.0
16.7,222.0
58.0,222.0
67.6,222.0
60.2,222.0
42.5,221.9
21.7,221.9
51.6,221.8
32.8,221.8
51.0,221.8
7.7,221.8
21.3,221.8
45.6,221.8
57.3,221.7
44.5,221.7
30.8,221.7
44.7,221.7
20.8,221.5
35.9,221.5
26.5,221.4
22.4,221.4
60.2,221.3
64.5,221.3
61.2,221.3
16.0,221.3
55.0,221.2
44.1,221.2
26.7,221.1
25.6,221.1
48.4,221.1
36.5,221.0
22.6,221.0
22.1,221.0
17.3,221.0
27.5,221.0
12.4,220.9
41.7,220.9
35.7,220.8
50.9,220.7
28.7,220.7
17.5,220.6
7.4,220.6
44.3,220.5
52.4,220.5
23.4,220.5
12.3,220.5
25.3,220.5
40.8,220.5
56.4,220.4
63.3,220.4
28.7,220.3
64.5,220.3
66.6,220.2
47.0,220.2
62.0,220.2
23.3,220.2
63.2,220.2
65.5,220.1
19.6,220.1
19.8,220.1
56.9,220.1
69.2,220.0
19.1,220.0
32.1,220.0
13.7,219.9
37.2,219.9
60.2,219.8
68.7,219.8
42.9,219.8
47.6,219.8
52.4,219.8
38.8,219.7
52.8,219.7
36.4,219.6
19.9,219.6
42.8,219.6
42.8,219.6
68.2,219.6
51.7,219.5
15.9,219.5
37.8,219.4
13.0,219.4
68.7,219.4
61.2,219.3
39.3,219.3
52.5,219.3
11.7,219.3
58.2,219.2
48.2,219.2
69.2,219.1
42.4,219.1
32.9,219.1
55.7,219.1
24.2,219.1
20.7,219.1
31.0,218.9
15.7,218.8
27.2,218.8
65.1,218.8
22.4,218.7
63.4,218.7
28.6,218.7
42.5,218.6
41.0,218.6
52.2,218.6
32.5,218.6
45.9,218.5
32.3,218.5
23.7,218.5
21.3,218.4
32.0,218.4
60.7,218.4
56.8,218.4
64.1,218.4
12.6,218.4
27.8,218.4
19.1,218.4
44.4,218.3
43.0,218.2
8.3,218.2
67.3,218.2
65.9,218.2
37.4,218.1
65.6,218.1
13.5,218.1
50.0,218.0
46.6,218.0
44.6,218.0
32.4,217.9
45.5,217.8
55.4,217.8
63.0,217.8
46.4,217.8
60.8,217.7
68.7,217.7
22.0,217.6
51.9,217.6
13.6,217.5
26.3,217.5
51.6,217.5
12.6,217.5
13.3,217.5
63.2,217.4
50.2,217.4
55.8,217.4
49.9,217.4
37.1,217.4
10.7,217.3
60.0,217.2
58.8,217.2
7.3,217.0
16.8,217.0
43.5,216.9
62.4,216.9
12.9,216.9
60.4,216.8
58.6,216.8
35.9,216.8
33.0,216.7
27.4,216.7
22.0,216.6
38.9,216.6
64.2,216.6
53.1,216.6
52.1,216.5
28.3,216.5
9.5,216.5
53.5,216.5
11.3,216.4
7.1,216.3
53.6,216.3
51.2,216.2
26.1,216.2
17.0,216.2
15.2,216.2
17.5,216.1
13.1,216.1
40.9,216.1
63.1,216.0
62.0,216.0
60.6,215.9
60.0,215.9
67.9,215.9
44.3,215.9
52.1,215.9
36.0,215.9
45.7,215.9
57.6,215.9
54.8,215.8
63.4,215.8
11.3,215.8
52.8,215.8
23.8,215.8
20.5,215.8
69.9,215.8
13.2,215.7
36.6,215.7
15.5,215.7
54.6,215.6
55.1,215.6
41.8,215.6
38.5,215.6
37.2,215.5
52.0,215.5
32.9,215.5
69.0,215.4
68.8,215.4
43.5,215.4
34.6,215.4
45.1,215.3
12.2,215.3
64.1,215.3
38.6,215.3
59.4,215.3
59.8,215.2
62.9,215.2
50.8,215.2
50.2,215.2
9.9,215.2
40.2,215.1
33.6,215.1
36.7,215.0
36.4,215.0
15.4,215.0
8.3,215.0
12.4,215.0
37.6,214.9
38.7,214.9
50.0,214.9
32.8,214.9
18.6,214.9
14.4,214.8
54.9,214.8
12.1,214.8
39.2,214.7
60.4,214.7
7.3,214.7
27.4,214.7
22.5,214.6
65.9,214.6
25.9,214.6
33.5,214.6
55.3,214.6
46.6,214.6
41.0,214.5
15.2,214.4
56.6,214.4
19.0,214.3
45.5,214.3
57.3,214.1
32.9,214.1
41.6,214.1
35.2,214.0
38.9,214.0
14.4,214.0
66.8,213.9
9.7,213.9
66.1,213.9
68.5,213.9
47.3,213.9
33.9,213.9
14.1,213.8
53.0,213.8
60.4,213.8
9.2,213.7
27.1,213.7
54.9,213.7
35.1,213.7
15.8,213.6
45.1,213.6
46.6,213.6
37.0,213.5
24.9,213.5
62.3,213.5
17.2,213.5
22.7,213.5
23.0,213.4
14.2,213.4
49.3,213.3
29.6,213.3
48.0,213.3
24.7,213.2
43.6,213.2
19.5,213.2
25.9,213.1
68.8,213.1
29.2,213.1
56.8,213.1
9.6,213.0
25.6,213.0
60.5,213.0
41.6,212.9
8.1,212.9
27.2,212.9
16.0,212.9
51.6,212.8
9.8,212.8
15.4,212.8
27.1,212.8
52.0,212.7
34.0,212.7
26.6,212.6
53.2,212.6
45.7,212.6
11.5,212.5
46.4,212.5
55.0,212.4
33.8,212.3
44.3,212.3
39.1,212.2
31.2,212.2
53.5,212.2
67.5,212.2
57.2,212.2
27.2,212.2
16.9,212.1
69.4,212.1
8.2,212.1
26.5,212.1
26.2,212.1
25.5,212.0
68.5,212.0
60.5,212.0
29.0,212.0
19.1,212.0
32.0,212.0
58.9,212.0
55.4,211.9
49.4,211.9
67.4,211.9
63.4,211.6
53.3,211.6
12.0,211.6
54.8,211.6
65.6,211.5
7.1,211.5
43.0,211.5
54.7,211.4
16.0,211.4
8.1,211.4
64.0,211.3
58.8,211.3
50.6,211.3
58.2,211.2
64.0,211.1
52.7,211.1
59.1,211.0
64.1,211.0
50.1,211.0
66.6,210.9
11.9,210.9
13.8,210.9
33.4,210.8
34.3,210.7
35.0,210.7
14.4,210.6
42.9,210.6
26.7,210.6
49.1,210.5
9.6,210.5
19.5,210.5
23.1,210.5
35.5,210.4
58.8,210.3
14.2,210.3
19.0,210.3
53.9,210.3
67.0,210.3
8.9,210.3
53.4,210.2
48.9,210.2
32.4,210.2
42.7,210.0
38.4,210.0
21.0,210.0
16.2,210.0
44.4,209.9
39.6,209.9
13.4,209.9
58.8,209.9
44.8,209.9
48.2,209.8
67.2,209.8
59.5,209.7
15.1,209.7
63.8,209.7
7.8,209.7
42.2,209.7
68.7,209.6
53.6,209.6
36.4,209.5
64.6,209.4
9.8,209.4
31.3,209.3
48.1,209.3
52.2,209.3
51.3,209.3
35.5,209.2
41.9,209.2
27.5,209.2
21.1,209.2
35.9,209.2
19.3,209.1
34.1,209.1
49.9,209.1
54.1,209.0
20.7,208.9
13.5,208.9
61.4,208.9
23.6,208.9
41.5,208.8
65.1,208.8
61.4,208.8
54.5,208.8
62.1,208.8
26.7,208.7
15.2,208.7
44.6,208.7
64.8,208.7
32.2,208.7
50.0,208.6
59.1,208.6
69.1,208.6
10.4,208.5
25.6,208.5
30.9,208.4
59.0,208.4
53.7,208.3
34.8,208.3
38.5,208.2
64.4,208.2
43.1,208.2
43.4,208.2
15.1,208.1
68.0,208.0
61.2,208.0
54.2,208.0
56.5,208.0
42.7,207.9
48.5,207.8
68.1,207.8
22.9,207.8
62.4,207.7
60.8,207.7
36.7,207.7
25.9,207.7
31.1,207.5
31.1,207.5
9.1,207.5
9.2,207.5
40.7,207.4
51.8,207.4
16.0,207.4
18.6,207.3
33.6,207.3
22.9,207.2
22.0,207.2
13.2,207.2
30.8,207.1
60.1,207.1
16.3,207.1
37.8,207.0
57.0,207.0
22.1,207.0
44.0,207.0
23.6,207.0
24.7,206.9
53.8,206.9
53.9,206.9
41.7,206.9
28.5,206.9
50.6,206.9
30.7,206.8
66.1,206.8
45.1,206.8
13.7,206.8
41.8,206.7
25.5,206.7
48.4,206.7
27.4,206.7
41.3,206.7
43.8,206.6
23.9,206.6
59.0,206.6
12.7,206.6
65.9,206.6
16.9,206.5
7.6,206.5
11.8,206.5
60.0,206.5
52.9,206.5
57.4,206.4
28.1,206.4
48.8,206.4
42.3,206.3
32.5,206.2
33.7,206.2
21.3,206.1
61.6,206.1
28.1,206.1
37.8,206.1
59.3,206.1
28.7,206.1
23.6,206.0
65.1,206.0
32.0,206.0
51.4,205.9
48.2,205.9
19.4,205.9
64.0,205.8
59.9,205.8
7.9,205.8
22.7,205.8
45.5,205.8
49.1,205.7
34.8,205.5
66.8,205.5
10.1,205.5
44.9,205.5
49.0,205.5
23.1,205.5
14.6,205.4
53.1,205.4
59.2,205.4
37.6,205.4
17.1,205.4
19.0,205.3
67.1,205.3
41.5,205.2
21.0,205.2
51.2,205.1
32.2,205.1
38.6,205.1
18.7,205.0
41.6,205.0
44.8,204.9
53.6,204.9
9.3,204.8
38.1,204.8
41.1,204.8
25.7,204.7
44.1,204.6
55.3,204.6
67.0,204.6
69.6,204.6
47.0,204.6
17.6,204.6
58.5,204.6
62.4,204.5
36.5,204.5
33.4,204.5
34.2,204.5
65.7,204.4
39.0,204.4
15.8,204.4
51.9,204.3
51.3,204.3
20.5,204.3
9.2,204.2
39.8,204.2
46.3,204.1
37.0,204.1
67.8,204.0
21.6,204.0
53.5,204.0
18.2,203.9
53.1,203.8
33.4,203.8
50.0,203.8
56.8,203.7
32.7,203.7
25.8,203.7
16.4,203.6
21.4,203.6
9.9,203.6
57.6,203.6
9.7,203.5
63.9,203.5
35.9,203.4
63.6,203.4
26.6,203.4
14.8,203.3
55.5,203.3
17.3,203.2
8.5,203.2
22.7,203.1
30.1,203.1
51.5,203.1
52.1,203.1
49.6,203.1
33.4,203.0
25.2,203.0
13.0,203.0
31.9,203.0
36.4,202.9
47.2,202.9
7.4,202.9
52.1,202.8
48.9,202.7
19.5,202.7
39.8,202.7
35.1,202.7
24.0,202.7
37.4,202.7
49.2,202.6
67.9,202.6
62.6,202.6
30.0,202.5
43.3,202.5
39.6,202.5
61.5,202.5
23.1,202.5
69.0,202.4
16.6,202.4
46.6,202.4
19.1,202.3
56.6,202.2
48.4,202.2
18.3,202.2
22.1,202.2
30.0,202.2
21.2,202.2
24.5,202.2
32.6,202.1
63.6,202.1
44.4,202.1
11.8,202.0
12.6,202.0
23.1,202.0
34.5,201.9
25.0,201.9
10.5,201.8
54.0,201.8
17.6,201.7
8.6,201.7
42.8,201.7
53.9,201.7
37.5,201.6
30.3,201.6
25.8,201.6
65.2,201.5
40.6,201.4
48.2,201.4
24.0,201.4
57.8,201.4
14.6,201.2
64.1,201.2
32.4,201.1
42.2,201.1
37.7,201.1
40.4,201.0
24.6,201.0
8.8,201.0
25.9,201.0
32.8,200.9
43.8,200.8
51.5,200.8
13.5,200.8
46.3,200.8
42.9,200.8
56.4,200.7
45.6,200.7
36.4,200.6
68.1,200.6
63.2,200.5
13.5,200.5
53.0,200.5
30.4,200.4
27.9,200.4
24.0,200.4
20.6,200.4
22.2,200.3
53.3,200.3
61.6,200.3
65.4,200.3
45.0,200.2
22.6,200.2
15.5,200.2
61.9,200.2
12.9,200.1
50.9,200.1
37.4,200.1
24.5,200.0
54.4,200.0
63.6,200.0
25.5,200.0
21.6,199.9
45.2,199.9
67.8,199.8
54.7,199.8
13.7,199.7
16.2,199.7
24.5,199.7
36.2,199.6
8.3,199.6
24.6,199.6
27.5,199.5
68.2,199.5
43.6,199.5
26.2,199.5
8.6,199.5
60.1,199.5
27.4,199.4
19.7,199.4
61.8,199.4
47.7,199.4
42.1,199.3
9.1,199.3
23.3,199.3
45.6,199.3
47.4,199.3
64.2,199.2
60.8,199.2
42.4,199.2
21.8,199.1
52.7,199.0
63.8,199.0
11.3,199.0
8.9,199.0
14.5,199.0
58.7,199.0
8.4,198.9
53.7,198.9
21.9,198.9
26.7,198.8
43.5,198.8
54.7,198.8
65.5,198.7
35.2,198.7
14.9,198.6
20.5,198.5
28.3,198.5
17.6,198.4
60.4,198.4
47.8,198.4
24.2,198.3
49.7,198.2
24.2,198.2
64.8,198.2
24.3,198.1
63.3,198.1
60.4,198.0
63.1,198.0
34.8,198.0
47.0,197.9
63.9,197.8
46.6,197.8
48.2,197.7
7.0,197.7
30.3,197.7
14.8,197.6
21.0,197.6
22.5,197.6
17.7,197.6
49.9,197.6
32.4,197.5
15.0,197.5
68.9,197.4
35.5,197.4
61.9,197.4
61.2,197.4
23.6,197.4
25.8,197.3
32.3,197.2
58.9,197.2
60.0,197.0
28.6,197.0
54.2,197.0
15.8,196.9
35.8,196.8
53.7,196.8
64.5,196.8
47.2,196.8
65.8,196.7
26.7,196.7
19.3,196.7
56.6,196.7
44.0,196.7
59.0,196.6
16.6,196.5
10.5,196.5
44.2,196.3
30.7,196.2
51.2,196.2
7.7,196.2
11.0,196.2
46.0,196.2
13.8,196.1
7.9,196.1
25.1,195.9
37.9,195.9
57.9,195.8
44.5,195.8
57.0,195.8
23.0,195.8
64.5,195.8
9.8,195.7
45.7,195.7
35.7,195.6
23.0,195.6
42.9,195.6
14.5,195.6
28.2,195.6
52.9,195.4
31.1,195.4
30.3,195.4
31.6,195.4
13.1,195.4
9.7,195.4
65.0,195.4
14.5,195.3
58.8,195.2
25.8,195.2
51.7,195.2
69.0,195.1
29.1,195.1
27.0,195.1
42.3,195.1
33.1,195.0
27.4,195.0
27.2,195.0
43.2,195.0
17.3,195.0
36.2,195.0
16.3,195.0
25.2,195.0
34.0,194.9
67.3,194.9
7.7,194.9
36.8,194.8
33.4,194.7
59.9,194.7
50.6,194.7
43.3,194.6
60.4,194.5
49.0,194.5
62.7,194.5
38.2,194.4
36.3,194.4
34.4,194.4
38.0,194.2
23.8,194.1
67.7,194.0
10.7,193.9
50.4,193.9
57.6,193.9
43.2,193.9
20.1,193.9
43.9,193.9
64.1,193.8
28.5,193.8
38.8,193.8
54.9,193.8
23.4,193.7
21.1,193.6
69.1,193.6
16.4,193.5
68.6,193.5
51.3,193.5
54.9,193.4
14.1,193.4
66.7,193.4
61.8,193.3
66.4,193.3
20.0,193.3
66.2,193.2
60.1,193.2
35.8,193.2
15.5,193.1
15.4,193.1
35.2,193.1
22.0,193.0
13.7,193.0
47.1,192.8
14.7,192.8
52.9,192.8
47.6,192.8
26.9,192.8
14.5,192.8
41.7,192.7
61.6,192.7
38.1,192.7
22.9,192.6
49.9,192.6
18.7,192.6
44.7,192.5
50.0,192.5
46.7,192.5
32.6,192.4
10.9,192.4
11.9,192.4
66.7,192.3
65.6,192.3
64.9,192.3
43.5,192.3
38.9,192.3
20.9,192.3
12.6,192.3
57.6,192.2
69.4,192.1
26.9,192.1
20.2,192.1
17.0,192.1
26.2,192.1
16.9,192.0
49.6,192.0
9.2,192.0
49.7,192.0
26.0,192.0
48.5,191.9
50.8,191.8
45.7,191.8
22.3,191.8
26.6,191.7
35.9,191.7
54.1,191.7
54.7,191.7
58.7,191.7
57.5,191.6
66.7,191.6
61.7,191.6
7.9,191.5
10.6,191.5
62.9,191.4
67.8,191.4
66.9,191.4
20.0,191.3
14.4,191.3
20.6,191.3
16.5,191.3
67.9,191.2
29.1,191.2
23.9,191.2
9.2,191.2
14.0,191.2
37.3,191.1
8.6,191.0
63.4,191.0
52.7,191.0
10.3,190.9
28.5,190.9
13.8,190.9
35.6,190.9
27.9,190.9
49.4,190.8
67.6,190.7
45.4,190.5
18.8,190.5
31.5,190.5
28.7,190.5
50.5,190.5
11.4,190.5
68.9,190.4
37.4,190.4
39.0,190.4
56.2,190.3
47.0,190.3
20.7,190.3
32.8,190.3
14.1,190.2
17.1,190.2
32.5,190.1
52.3,190.0
23.3,190.0
50.9,190.0
8.1,190.0
13.4,190.0
36.3,189.9
64.5,189.9
66.1,189.9
9.7,189.8
28.4,189.8
49.9,189.8
26.8,189.8
28.0,189.8
37.4,189.7
42.9,189.7
20.3,189.6
32.8,189.6
27.4,189.6
9.2,189.5
11.2,189.5
9.9,189.5
53.0,189.5
22.7,189.5
16.3,189.4
53.1,189.4
42.0,189.4
16.8,189.3
33.6,189.3
68.1,189.3
46.0,189.2
22.3,189.2
60.1,189.2
8.1,189.2
38.5,189.2
59.5,189.1
44.1,189.1
32.3,189.1
41.1,189.1
17.8,189.1
7.6,189.0
21.8,189.0
43.5,189.0
10.3,189.0
61.0,189.0
65.2,188.9
25.0,188.9
40.7,188.9
40.0,188.9
38.6,188.9
69.4,188.9
27.9,188.8
24.4,188.8
27.0,188.8
34.1,188.8
8.2,188.7
48.8,188.7
30.7,188.6
52.5,188.6
48.0,188.6
64.3,188.6
49.9,188.6
44.0,188.5
48.2,188.5
21.5,188.4
58.3,188.4
35.5,188.3
23.9,188.3
27.0,188.2
11.9,188.2
50.3,188.2
53.3,188.1
30.5,188.1
9.0,188.1
44.8,188.0
8.5,188.0
59.7,188.0
57.6,187.9
54.1,187.9
41.3,187.8
51.1,187.8
21.3,187.8
48.9,187.8
20.3,187.7
61.8,187.7
39.7,187.6
23.4,187.6
16.9,187.6
69.5,187.6
13.4,187.6
34.2,187.6
55.6,187.6
67.5,187.5
26.9,187.5
57.9,187.5
43.2,187.4
14.9,187.4
45.3,187.4
43.3,187.2
49.2,187.1
30.7,187.0
35.1,187.0
37.3,187.0
39.3,187.0
25.9,187.0
25.5,186.9
44.0,186.9
10.2,186.9
16.5,186.8
69.5,186.8
16.3,186.7
27.2,186.7
67.4,186.7
7.0,186.7
11.9,186.6
22.9,186.6
32.3,186.6
62.1,186.4
38.8,186.3
10.8,186.3
43.8,186.3
53.2,186.3
64.6,186.3
53.4,186.3
64.8,186.2
13.3,186.2
68.4,186.2
30.9,186.2
48.1,186.2
31.9,186.2
19.8,186.1
13.0,186.1
8.5,186.1
57.2,186.1
37.4,186.0
55.1,185.9
35.1,185.8
66.3,185.8
29.0,185.8
12.6,185.8
53.0,185.7
12.1,185.7
51.0,185.6
26.5,185.6
9.6,185.6
62.8,185.4
65.1,185.4
37.1,185.4
43.2,185.3
41.8,185.3
48.6,185.3
17.0,185.3
52.3,185.3
23.1,185.2
29.7,185.2
31.6,185.1
21.6,185.1
29.3,185.1
25.5,185.1
27.0,185.1
53.7,185.0
50.8,184.9
50.4,184.9
8.7,184.8
11.0,184.8
57.4,184.8
33.0,184.7
21.9,184.7
61.0,184.7
51.5,184.7
59.4,184.6
30.4,184.6
7.9,184.4
8.0,184.4
60.7,184.4
58.7,184.4
35.8,184.3
29.6,184.3
10.9,184.3
31.0,184.2
57.0,184.2
24.4,184.1
36.1,184.1
10.6,184.1
56.7,184.1
20.2,184.0
13.2,184.0
34.1,183.9
38.1,183.8
68.1,183.8
24.4,183.7
45.3,183.7
25.4,183.7
41.2,183.6
47.4,183.6
63.8,183.6
9.9,183.6
66.8,183.6
17.6,183.6
26.0,183.6
53.7,183.6
12.5,183.5
47.6,183.5
41.3,183.5
44.9,183.5
68.2,183.5
38.9,183.5
47.4,183.5
37.7,183.4
63.1,183.4
36.6,183.4
45.6,183.4
49.2,183.4
44.7,183.3
8.1,183.3
52.1,183.2
52.8,183.2
7.7,183.2
21.8,183.1
7.9,183.0
27.1,183.0
43.8,183.0
63.4,182.9
55.5,182.9
40.2,182.9
12.1,182.9
69.0,182.9
67.5,182.8
11.0,182.8
22.6,182.8
13.0,182.7
55.3,182.7
15.5,182.6
28.7,182.6
22.9,182.6
61.6,182.6
38.9,182.5
20.9,182.4
20.9,182.4
14.8,182.3
63.7,182.2
58.1,182.2
25.1,182.1
51.2,182.1
25.2,182.1
40.6,182.1
51.4,182.0
42.6,182.0
69.7,181.9
57.2,181.9
12.4,181.9
53.9,181.8
69.0,181.7
25.6,181.6
11.5,181.6
58.1,181.6
59.5,181.5
10.6,181.4
38.3,181.4
16.3,181.3
12.8,181.3
38.2,181.3
48.5,181.2
51.2,181.2
36.6,181.1
56.4,181.1
46.8,181.1
42.0,181.0
14.0,181.0
37.6,180.9
64.8,180.9
27.2,180.8
48.7,180.8
49.2,180.7
54.7,180.7
7.6,180.7
46.2,180.7
66.5,180.7
13.3,180.7
44.2,180.5
69.5,180.5
61.3,180.4
28.7,180.4
9.3,180.4
57.3,180.3
26.3,180.3
13.5,180.2
50.0,180.2
24.9,180.2
20.0,180.2
19.3,180.1
48.9,180.1
34.3,180.0
29.5,180.0
41.8,180.0
14.8,179.9
41.0,179.8
64.7,179.8
13.3,179.8
63.7,179.8
16.0,179.7
32.8,179.7
47.6,179.6
46.3,179.6
45.5,179.6
17.8,179.6
66.7,179.6
34.2,179.5
44.6,179.4
10.0,179.3
58.4,179.3
49.8,179.2
39.4,179.2
16.9,179.2
57.2,179.2
35.3,179.1
20.4,179.1
7.7,179.0
16.0,179.0
61.0,178.9
12.1,178.9
48.6,178.8
52.4,178.8
67.7,178.8
7.0,178.8
21.5,178.8
11.9,178.8
16.5,178.7
10.5,178.7
65.0,178.6
41.8,178.5
44.3,178.5
33.6,178.5
22.1,178.4
46.2,178.4
12.9,178.4
59.3,178.3
58.9,178.2
23.3,178.2
29.4,178.2
69.9,178.2
34.7,178.1
69.8,178.1
10.7,178.1
21.2,178.0
9.1,178.0
37.4,178.0
37.2,177.9
26.6,177.9
17.9,177.8
46.3,177.8
67.5,177.8
13.9,177.8
52.7,177.8
42.7,177.7
63.0,177.7
64.6,177.6
56.6,177.6
64.7,177.6
56.4,177.5
48.4,177.5
62.9,177.5
41.6,177.4
40.1,177.4
44.9,177.2
10.4,177.2
27.8,177.2
10.3,177.1
55.2,177.1
52.8,177.1
29.8,177.0
65.1,176.9
19.5,176.9
21.2,176.9
29.2,176.8
56.0,176.8
20.1,176.8
33.9,176.8
66.3,176.7
13.9,176.7
11.6,176.7
51.1,176.6
66.7,176.6
27.7,176.6
34.3,176.6
15.0,176.6
32.7,176.5
33.0,176.5
32.5,176.5
47.1,176.4
10.2,176.3
23.5,176.3
64.6,176.3
23.3,176.3
14.6,176.3
14.7,176.1
67.8,176.1
65.2,176.1
63.8,176.1
44.9,176.1
66.1,176.1
59.0,176.0
60.4,176.0
58.3,175.9
37.8,175.9
69.5,175.9
22.4,175.9
63.4,175.8
15.7,175.8
44.9,175.7
63.3,175.7
20.9,175.7
41.5,175.6
55.7,175.5
31.5,175.5
55.6,175.4
26.3,175.4
17.1,175.4
64.1,175.4
33.6,175.3
20.4,175.2
34.2,175.2
40.2,175.2
25.6,175.2
11.9,175.2
20.7,175.1
55.5,175.1
65.7,175.1
59.7,175.0
62.1,174.9
25.9,174.9
57.6,174.9
32.2,174.9
30.8,174.8
69.0,174.8
12.2,174.7
22.9,174.7
9.0,174.7
55.0,174.6
66.4,174.5
25.3,174.5
50.2,174.5
59.9,174.5
34.2,174.4
32.9,174.4
36.4,174.3
64.6,174.2
44.9,174.2
21.9,174.1
37.4,174.1
35.9,174.1
42.6,174.1
47.5,174.1
49.8,174.1
7.9,174.0
50.9,173.9
26.9,173.9
14.5,173.9
58.5,173.8
38.2,173.8
54.0,173.7
38.5,173.7
34.0,173.7
19.0,173.7
20.2,173.7
18.4,173.7
20.1,173.6
64.8,173.6
40.8,173.6
44.2,173.6
55.9,173.6
69.9,173.5
26.5,173.5
14.4,173.4
30.9,173.4
43.8,173.4
39.0,173.4
55.8,173.3
62.8,173.3
33.7,173.3
42.3,173.2
68.9,173.2
26.3,173.2
22.4,173.1
19.7,173.1
51.6,173.0
69.8,173.0
43.8,173.0
34.0,172.9
37.1,172.9
68.7,172.9
7.6,172.8
32.2,172.8
10.1,172.8
60.9,172.8
56.8,172.7
60.4,172.7
35.6,172.6
47.9,172.6
50.0,172.5
7.0,172.5
47.8,172.4
21.3,172.4
31.8,172.4
12.5,172.4
9.2,172.4
17.3,172.4
42.6,172.3
33.2,172.3
8.2,172.3
68.7,172.3
68.8,172.3
21.1,172.2
37.6,172.2
16.1,172.1
38.5,172.1
51.5,172.0
15.6,171.9
51.8,171.9
51.0,171.9
27.9,171.8
39.2,171.8
51.0,171.7
53.5,171.7
58.0,171.7
25.5,171.7
18.3,171.6
63.2,171.6
18.0,171.6
46.0,171.6
69.4,171.6
40.2,171.5
31.3,171.5
47.9,171.5
65.1,171.5
40.6,171.4
43.0,171.4
33.0,171.4
28.0,171.3
42.3,171.2
17.8,171.2
42.5,171.2
64.9,171.1
45.8,171.1
8.9,171.1
49.3,171.1
65.0,171.1
49.8,171.1
21.0,171.1
19.9,171.0
61.2,171.0
35.5,170.9
21.7,170.9
11.0,170.8
42.7,170.8
68.4,170.8
16.7,170.7
37.2,170.7
27.4,170.6
59.2,170.6
44.9,170.6
50.9,170.5
31.7,170.5
10.0,170.5
51.8,170.5
54.2,170.5
64.1,170.4
45.9,170.4
28.3,170.4
19.0,170.4
48.1,170.4
46.2,170.4
12.0,170.3
12.8,170.3
67.7,170.2
36.1,170.2
28.2,170.2
51.3,170.2
7.0,170.1
68.9,170.1
54.2,170.1
12.9,170.1
21.6,170.1
10.3,170.0
24.6,170.0
20.5,170.0
27.1,169.9
63.5,169.9
47.5,169.8
51.3,169.8
45.2,169.8
13.7,169.7
11.3,169.7
67.5,169.7
53.9,169.7
35.8,169.6
18.1,169.6
33.4,169.5
36.6,169.5
9.9,169.5
41.6,169.5
41.6,169.5
19.7,169.4
14.9,169.4
30.6,169.4
56.4,169.4
14.2,169.3
22.8,169.3
33.0,169.3
39.1,169.1
35.1,169.0
22.0,169.0
18.6,169.0
52.4,169.0
49.8,168.9
39.5,168.9
12.2,168.8
24.2,168.8
24.9,168.8
58.6,168.7
64.0,168.6
20.4,168.6
11.5,168.6
46.9,168.6
58.6,168.5
48.4,168.5
10.8,168.5
44.9,168.5
44.7,168.4
13.3,168.4
41.0,168.4
33.3,168.3
24.1,168.2
50.7,168.2
31.2,168.1
66.6,168.1
63.7,168.0
65.1,168.0
7.2,168.0
58.3,168.0
16.1,167.9
61.4,167.9
13.4,167.8
38.9,167.8
66.6,167.8
63.0,167.7
17.8,167.6
35.2,167.6
61.7,167.5
23.1,167.4
16.4,167.4
14.5,167.3
16.3,167.2
56.3,167.2
67.4,167.2
57.4,167.2
26.1,167.0
8.8,167.0
67.7,167.0
20.8,166.9
32.5,166.9
43.3,166.8
49.2,166.8
69.3,166.7
44.8,166.7
13.0,166.7
37.7,166.6
62.4,166.6
66.6,166.6
64.3,166.6
54.9,166.5
21.8,166.5
30.1,166.4
46.0,166.3
52.2,166.3
33.8,166.3
28.0,166.3
53.3,166.2
14.6,166.2
45.8,166.1
58.8,166.0
33.6,166.0
60.2,166.0
25.8,166.0
32.3,165.9
58.0,165.9
61.6,165.9
39.1,165.9
53.9,165.8
11.0,165.8
61.4,165.7
12.8,165.7
22.4,165.7
61.8,165.7
10.3,165.6
52.0,165.6
14.1,165.6
16.2,165.5
16.0,165.5
28.0,165.5
30.9,165.4
61.0,165.4
28.9,165.4
12.1,165.4
16.0,165.4
28.7,165.3
16.0,165.3
43.7,165.3
32.2,165.3
48.7,165.3
20.5,165.2
38.7,165.2
22.3,165.1
42.3,165.1
57.3,165.0
9.0,165.0
35.4,165.0
9.4,164.9
60.6,164.9
69.5,164.9
40.0,164.9
22.2,164.9
9.3,164.8
68.7,164.7
54.9,164.7
14.4,164.7
56.4,164.7
10.7,164.7
42.1,164.7
59.3,164.6
15.8,164.6
49.5,164.5
13.8,164.5
10.9,164.5
45.1,164.5
48.2,164.4
49.7,164.4
58.4,164.4
15.5,164.4
48.6,164.4
22.7,164.4
19.6,164.3
65.0,164.3
10.9,164.3
54.8,164.2
40.5,164.1
25.0,164.1
15.4,164.0
40.6,164.0
18.9,164.0
36.2,164.0
39.5,164.0
35.5,163.9
36.1,163.9
53.0,163.9
51.0,163.9
21.5,163.9
21.7,163.8
54.1,163.7
49.5,163.7
64.1,163.7
33.1,163.7
57.7,163.7
38.6,163.7
66.9,163.7
46.2,163.6
18.0,163.5
69.5,163.5
48.5,163.5
47.4,163.5
42.7,163.4
25.0,163.4
33.7,163.3
23.4,163.3
62.7,163.3
9.7,163.3
51.7,163.3
42.4,163.3
63.6,163.2
27.3,163.2
41.2,163.2
60.9,163.2
20.9,163.1
41.5,163.0
25.0,163.0
64.2,162.9
23.5,162.8
33.6,162.8
64.5,162.8
12.8,162.8
46.5,162.8
14.5,162.8
65.8,162.7
30.9,162.7
12.2,162.7
50.5,162.7
28.1,162.6
32.6,162.6
53.1,162.5
9.5,162.5
34.6,162.5
68.9,162.5
62.8,162.4
26.2,162.4
43.4,162.4
61.7,162.4
48.2,162.3
52.4,162.3
24.3,162.3
68.2,162.3
36.4,162.3
7.8,162.3
55.8,162.3
41.2,162.3
33.9,162.2
45.9,162.2
35.2,162.2
49.3,162.1
38.3,162.1
43.9,162.1
31.5,162.0
37.1,161.9
12.2,161.9
30.1,161.8
59.9,161.7
21.5,161.5
32.4,161.5
68.4,161.5
31.5,161.5
19.7,161.4
42.3,161.4
60.6,161.4
60.3,161.4
35.9,161.4
57.7,161.4
34.9,161.3
32.2,161.2
37.5,161.2
29.8,161.2
26.9,161.1
11.3,161.1
56.3,161.1
66.0,161.0
39.5,160.9
19.3,160.9
13.8,160.9
13.9,160.9
52.6,160.8
46.6,160.8
26.8,160.7
47.8,160.7
25.2,160.7
37.8,160.7
68.6,160.6
20.6,160.5
45.3,160.5
7.1,160.5
28.3,160.4
22.6,160.4
42.6,160.4
69.1,160.4
38.3,160.3
22.5,160.3
64.2,160.2
58.8,160.2
27.5,160.2
44.0,160.2
20.2,160.2
69.7,160.1
42.5,160.1
53.4,160.1
65.7,160.1
33.0,160.1
8.3,160.0
44.3,160.0
69.9,160.0
13.9,160.0
57.3,160.0
8.7,159.8
65.3,159.8
17.6,159.8
14.5,159.8
59.0,159.8
9.5,159.8
23.0,159.8
57.5,159.7
28.2,159.7
26.0,159.7
7.0,159.6
51.7,159.6
51.2,159.6
18.9,159.5
8.0,159.5
27.1,159.5
16.5,159.5
31.7,159.4
66.0,159.3
37.6,159.3
56.1,159.3
33.7,159.2
57.7,159.2
42.5,159.1
8.7,159.1
68.4,159.1
9.9,159.1
40.0,159.0
51.1,159.0
62.5,158.9
37.6,158.9
56.2,158.8
10.4,158.8
66.5,158.8
27.6,158.8
62.7,158.7
30.0,158.7
42.7,158.7
69.7,158.7
61.7,158.7
20.3,158.7
67.7,158.6
64.2,158.6
45.9,158.6
58.7,158.6
49.1,158.5
9.7,158.5
7.3,158.5
13.2,158.5
14.1,158.5
62.0,158.4
40.9,158.4
46.8,158.3
38.8,158.3
35.9,158.3
40.0,158.3
18.3,158.2
18.7,158.2
60.4,158.2
55.1,158.1
69.4,158.1
66.6,158.0
63.4,158.0
66.4,158.0
12.0,157.9
45.9,157.8
50.8,157.8
48.3,157.7
55.8,157.7
55.6,157.7
63.4,157.7
23.1,157.6
63.4,157.6
56.2,157.6
21.8,157.6
65.7,157.6
65.1,157.5
29.7,157.5
16.5,157.5
67.8,157.5
50.2,157.4
23.5,157.4
24.6,157.4
60.0,157.4
37.1,157.3
12.1,157.3
13.2,157.3
61.7,157.3
44.8,157.3
45.1,157.2
38.2,157.2
15.1,157.2
49.0,157.2
28.6,157.2
41.8,157.1
47.2,157.1
65.4,157.1
24.8,157.1
51.6,157.1
62.7,157.0
56.1,157.0
24.4,157.0
57.3,156.9
10.2,156.8
27.4,156.7
23.2,156.7
20.0,156.7
46.8,156.6
12.3,156.6
44.0,156.6
59.5,156.5
39.4,156.5
55.6,156.4
52.2,156.4
23.8,156.3
21.9,156.3
9.3,156.3
66.8,156.2
42.7,156.2
38.0,156.2
68.9,156.1
8.0,156.1
30.9,156.0
39.3,156.0
52.8,156.0
9.2,155.9
59.8,155.9
19.6,155.9
47.1,155.8
65.1,155.8
56.2,155.8
28.9,155.8
43.3,155.8
47.7,155.8
17.0,155.7
10.8,155.7
39.1,155.7
36.4,155.7
67.9,155.6
40.4,155.6
65.5,155.6
50.1,155.6
15.0,155.6
61.3,155.5
45.8,155.5
10.1,155.4
9.8,155.4
33.7,155.4
62.2,155.4
33.8,155.2
38.9,155.2
60.5,155.2
69.9,155.2
62.7,155.2
11.5,155.1
20.1,155.1
32.7,155.1
55.0,155.1
36.0,155.1
35.4,155.1
30.3,155.1
65.8,155.1
69.1,155.0
9.2,155.0
34.4,155.0
65.3,154.9
68.7,154.9
50.5,154.9
51.6,154.9
42.1,154.9
8.6,154.8
43.5,154.8
24.2,154.7
34.8,154.7
53.0,154.7
42.5,154.7
26.8,154.6
55.4,154.6
35.5,154.6
23.0,154.6
13.7,154.5
25.3,154.5
44.8,154.4
34.0,154.4
47.9,154.4
37.7,154.4
33.2,154.4
48.9,154.3
30.7,154.3
22.4,154.3
62.5,154.3
7.3,154.3
65.2,154.3
46.5,154.3
41.2,154.2
20.1,154.1
65.2,154.1
57.8,154.1
57.3,154.1
11.6,154.1
13.5,154.0
7.1,154.0
31.9,154.0
46.5,153.9
46.4,153.9
8.7,153.9
36.1,153.8
35.2,153.7
32.2,153.7
43.2,153.7
63.5,153.6
49.9,153.6
52.5,153.6
56.9,153.6
23.3,153.5
10.7,153.5
55.8,153.5
41.8,153.5
57.3,153.4
56.7,153.4
67.6,153.4
67.7,153.4
53.1,153.3
58.0,153.3
9.9,153.3
63.2,153.3
14.1,153.3
28.4,153.3
50.4,153.2
14.4,153.2
65.6,153.1
26.2,153.1
20.0,153.1
46.1,153.1
44.0,153.0
63.1,153.0
53.0,153.0
26.9,153.0
33.0,153.0
57.8,152.9
53.5,152.9
37.4,152.9
39.4,152.8
20.4,152.8
33.0,152.7
15.1,152.7
18.8,152.7
35.7,152.7
56.1,152.7
60.3,152.7
11.4,152.7
10.8,152.7
59.5,152.6
62.3,152.6
48.7,152.5
51.5,152.5
54.1,152.5
30.8,152.4
61.6,152.4
30.3,152.3
52.9,152.2
40.9,152.2
69.7,152.2
26.8,152.2
65.3,152.2
46.6,152.1
54.9,152.1
63.5,152.1
14.2,152.0
48.5,152.0
43.4,152.0
7.3,152.0
7.1,152.0
61.4,151.9
60.3,151.9
21.4,151.9
38.0,151.8
33.7,151.8
15.7,151.8
43.0,151.7
39.2,151.7
22.1,151.7
19.8,151.7
46.0,151.6
46.0,151.6
29.1,151.5
65.1,151.5
53.2,151.5
39.1,151.5
56.6,151.5
10.8,151.5
68.9,151.4
56.4,151.3
8.2,151.3
55.2,151.3
29.7,151.3
40.3,151.2
68.7,151.2
41.2,151.2
38.0,151.2
24.7,151.2
58.0,151.1
31.0,151.1
69.9,151.1
29.4,151.1
37.7,151.1
51.5,151.1
32.6,151.1
48.5,151.0
31.1,151.0
60.5,151.0
16.1,150.9
9.0,150.9
23.7,150.9
10.3,150.8
51.7,150.8
59.0,150.7
13.8,150.7
28.0,150.6
56.1,150.5
26.6,150.5
33.6,150.5
19.2,150.4
38.6,150.4
51.1,150.4
61.3,150.4
60.2,150.4
37.9,150.3
56.2,150.3
48.9,150.3
20.5,150.3
14.9,150.2
35.0,150.2
13.7,150.2
9.5,150.1
55.1,150.1
23.1,150.0
51.2,150.0
36.7,149.9
33.5,149.9
18.7,149.9
50.4,149.8
41.6,149.7
35.1,149.7
23.9,149.6
9.2,149.6
33.1,149.6
21.7,149.5
50.0,149.4
44.7,149.4
45.9,149.4
63.9,149.4
30.0,149.4
9.3,149.4
44.7,149.3
39.7,149.3
8.3,149.2
11.9,149.2
29.0,149.1
10.9,149.1
69.8,149.0
7.6,149.0
44.4,149.0
12.9,148.9
12.1,148.9
25.7,148.9
19.1,148.9
44.1,148.8
61.8,148.8
8.5,148.8
60.0,148.7
30.0,148.7
12.7,148.7
24.8,148.7
23.2,148.6
46.5,148.6
34.1,148.6
64.5,148.6
17.7,148.6
16.1,148.5
8.9,148.5
23.1,148.4
37.3,148.3
30.4,148.3
31.5,148.2
62.2,148.2
30.3,148.2
61.1,148.1
19.1,148.0
10.9,148.0
32.2,148.0
42.8,148.0
68.9,147.9
10.5,147.9
22.1,147.9
13.5,147.8
15.8,147.8
58.3,147.8
65.0,147.8
64.6,147.8
20.0,147.7
35.2,147.7
22.8,147.6
49.8,147.6
26.6,147.6
59.3,147.5
61.5,147.5
65.2,147.5
38.0,147.5
7.9,147.5
60.0,147.5
60.6,147.4
23.8,147.4
40.6,147.3
54.7,147.3
13.8,147.3
45.1,147.2
48.1,147.2
29.3,147.2
35.1,147.2
17.1,147.2
45.5,147.2
68.2,147.2
22.4,147.1
57.3,147.0
67.1,147.0
63.9,147.0
61.8,146.9
60.1,146.9
51.7,146.9
7.1,146.9
25.5,146.8
51.6,146.7
52.7,146.7
64.3,146.6
26.6,146.6
55.9,146.6
19.4,146.6
51.0,146.6
45.4,146.5
20.3,146.5
67.0,146.5
7.2,146.4
62.3,146.4
20.9,146.4
18.9,146.3
50.8,146.3
15.1,146.3
61.7,146.2
41.3,146.1
11.4,146.1
21.9,146.0
69.3,146.0
38.8,145.9
35.3,145.9
39.4,145.9
61.4,145.8
15.3,145.8
62.5,145.7
56.5,145.7
26.2,145.7
69.4,145.7
35.9,145.7
62.9,145.6
25.9,145.6
36.3,145.6
20.1,145.5
16.1,145.5
21.4,145.4
48.1,145.3
27.5,145.3
51.5,145.3
56.4,145.2
67.0,145.2
10.1,145.2
35.0,145.2
7.2,145.1
63.2,145.0
67.1,145.0
20.5,145.0
15.1,145.0
61.4,144.9
48.9,144.9
69.5,144.8
19.7,144.7
68.8,144.7
66.9,144.7
64.7,144.7
38.9,144.7
20.9,144.6
42.0,144.5
14.3,144.5
38.4,144.5
56.6,144.5
29.7,144.3
24.6,144.3
38.2,144.3
59.8,144.3
9.0,144.3
55.9,144.2
19.3,144.2
67.6,144.2
57.4,144.1
10.7,144.1
47.7,144.1
45.3,144.1
18.4,144.0
26.9,144.0
12.6,144.0
42.8,144.0
7.7,143.9
10.4,143.9
62.6,143.9
45.1,143.8
25.1,143.8
13.6,143.8
50.3,143.8
64.8,143.8
25.6,143.7
67.1,143.7
54.0,143.6
61.7,143.6
36.1,143.6
30.3,143.5
54.0,143.5
24.9,143.4
41.7,143.4
31.0,143.4
42.3,143.4
20.8,143.4
65.1,143.3
41.3,143.3
40.3,143.3
69.2,143.3
17.0,143.2
40.4,143.2
46.4,143.2
7.3,143.2
22.6,143.1
32.7,143.1
12.5,143.0
31.8,143.0
25.1,143.0
64.9,143.0
44.6,142.9
51.9,142.9
22.6,142.9
41.9,142.8
36.1,142.8
40.2,142.8
16.5,142.8
16.2,142.7
63.0,142.7
32.3,142.7
21.0,142.7
17.3,142.7
67.2,142.6
17.0,142.5
56.8,142.5
7.1,142.5
30.4,142.5
28.7,142.5
9.3,142.5
30.0,142.4
55.5,142.3
10.0,142.2
67.7,142.2
17.4,142.2
20.1,142.0
14.8,142.0
45.0,142.0
18.0,141.9
25.8,141.8
11.1,141.8
46.4,141.8
58.9,141.7
58.1,141.7
62.5,141.7
32.3,141.7
22.1,141.6
57.6,141.6
20.2,141.6
13.0,141.6
56.8,141.5
18.9,141.4
54.8,141.4
66.4,141.3
57.2,141.3
49.0,141.3
27.0,141.2
44.1,141.2
7.4,141.1
19.4,141.1
53.2,141.1
8.0,141.1
52.7,141.0
30.5,140.9
26.9,140.9
55.7,140.9
20.3,140.9
39.4,140.9
45.7,140.8
67.6,140.8
56.8,140.7
13.4,140.7
15.3,140.7
20.3,140.7
34.3,140.7
51.4,140.6
65.2,140.6
17.1,140.6
56.6,140.6
29.5,140.6
63.2,140.5
21.5,140.3
64.7,140.3
30.5,140.3
9.5,140.2
13.8,140.2
66.8,140.1
48.5,140.1
52.7,140.0
66.3,139.9
20.6,139.9
33.6,139.9
11.2,139.9
50.9,139.8
59.7,139.8
28.4,139.8
45.7,139.8
36.8,139.7
31.2,139.7
9.6,139.7
53.7,139.7
55.8,139.7
64.5,139.7
53.7,139.6
42.5,139.6
54.4,139.6
24.4,139.6
34.2,139.6
62.1,139.6
62.1,139.6
41.2,139.6
43.3,139.6
69.4,139.6
65.4,139.6
36.8,139.5
17.1,139.5
69.6,139.5
10.7,139.5
41.5,139.4
55.4,139.4
35.6,139.3
22.5,139.3
69.1,139.3
10.2,139.2
25.6,139.2
67.1,139.2
30.2,139.2
49.5,139.1
50.0,139.1
58.7,139.1
17.1,139.0
31.7,139.0
64.9,139.0
43.6,138.9
10.9,138.9
20.1,138.9
31.1,138.9
30.6,138.9
35.2,138.8
19.5,138.8
26.7,138.7
58.2,138.7
12.7,138.7
18.0,138.6
21.0,138.6
10.0,138.6
38.1,138.4
27.9,138.3
24.0,138.3
56.8,138.2
44.5,138.2
57.9,138.2
35.8,138.2
19.2,138.2
33.1,138.2
46.5,138.1
52.7,138.1
68.6,138.1
33.0,138.1
46.6,138.0
22.3,138.0
57.7,138.0
69.9,138.0
64.3,138.0
62.8,137.9
9.3,137.9
52.3,137.9
58.5,137.9
27.9,137.9
65.3,137.8
52.1,137.8
37.4,137.8
12.8,137.7
59.0,137.7
34.8,137.6
7.3,137.6
55.2,137.5
33.9,137.5
12.6,137.5
16.3,137.5
21.7,137.5
31.5,137.4
42.1,137.4
47.8,137.4
63.4,137.4
14.8,137.3
68.6,137.3
62.6,137.3
64.9,137.3
19.6,137.2
58.8,137.2
50.7,137.2
39.7,137.1
17.9,137.1
46.1,137.0
22.1,137.0
27.0,137.0
12.8,137.0
44.2,136.9
20.2,136.9
40.7,136.9
65.1,136.9
25.6,136.8
8.5,136.8
69.5,136.7
62.1,136.7
52.8,136.6
50.6,136.6
45.2,136.6
66.9,136.5
56.5,136.5
68.3,136.5
52.9,136.4
8.1,136.4
60.2,136.4
66.3,136.4
65.2,136.3
15.9,136.3
29.4,136.2
32.2,136.2
36.4,136.2
53.8,136.1
15.7,136.1
52.0,136.1
55.7,136.1
37.7,136.1
56.3,136.1
58.6,136.1
40.7,136.0
53.5,135.8
63.1,135.8
19.2,135.8
24.9,135.8
27.5,135.8
36.6,135.7
38.5,135.7
62.7,135.7
28.8,135.7
56.7,135.6
22.9,135.6
50.8,135.6
15.4,135.6
28.7,135.5
9.8,135.5
40.2,135.5
63.3,135.5
67.4,135.4
68.1,135.4
29.1,135.3
63.6,135.3
27.3,135.3
40.4,135.2
67.8,135.2
33.3,135.1
42.3,135.1
33.5,135.1
26.5,135.1
39.2,135.1
11.1,135.1
38.2,135.0
29.0,134.9
52.7,134.9
54.3,134.9
66.7,134.9
25.2,134.8
25.8,134.8
55.5,134.8
56.6,134.7
63.0,134.7
7.7,134.7
11.0,134.6
65.1,134.6
66.7,134.6
20.4,134.6
25.3,134.5
49.8,134.5
48.6,134.4
20.8,134.4
64.4,134.4
56.0,134.4
17.0,134.4
43.1,134.3
13.8,134.3
61.9,134.2
23.8,134.2
35.4,134.2
66.2,134.2
46.4,134.2
29.6,134.2
18.2,134.1
59.8,134.0
57.7,134.0
11.2,134.0
8.7,134.0
64.7,133.9
46.8,133.9
23.5,133.9
47.4,133.9
40.3,133.8
37.2,133.8
67.2,133.8
42.7,133.8
36.7,133.7
49.6,133.7
15.2,133.7
39.3,133.6
33.6,133.6
43.7,133.6
63.3,133.5
19.8,133.5
31.6,133.5
63.7,133.5
38.6,133.4
57.7,133.4
63.9,133.4
17.6,133.4
69.1,133.3
36.4,133.2
33.1,133.2
53.7,133.2
8.3,133.2
46.2,133.0
20.4,133.0
35.1,133.0
49.3,133.0
59.8,133.0
32.7,133.0
38.8,133.0
21.7,132.8
8.4,132.8
32.8,132.8
59.9,132.8
20.4,132.8
31.3,132.8
57.3,132.7
66.6,132.7
24.8,132.7
55.9,132.6
23.3,132.6
55.1,132.6
69.6,132.6
57.4,132.6
35.2,132.5
24.0,132.4
17.5,132.4
50.9,132.4
42.0,132.3
36.0,132.3
9.1,132.2
25.6,132.2
64.6,132.2
53.2,132.1
8.8,132.1
34.5,132.1
51.3,132.1
9.9,132.1
47.7,132.1
33.1,132.0
17.7,131.9
31.5,131.9
49.3,131.9
32.5,131.8
31.0,131.8
10.6,131.7
48.8,131.7
60.2,131.7
39.6,131.7
49.9,131.7
42.8,131.6
34.3,131.6
41.2,131.6
38.6,131.5
14.7,131.5
69.5,131.4
64.7,131.4
47.5,131.4
44.5,131.4
11.9,131.3
56.7,131.3
59.9,131.3
30.9,131.3
56.9,131.3
50.9,131.2
24.2,131.2
19.2,131.2
60.7,131.1
49.6,131.1
68.0,131.1
11.5,131.0
19.5,131.0
67.8,131.0
20.7,131.0
68.7,130.9
17.9,130.8
19.1,130.8
24.0,130.8
14.7,130.8
50.2,130.7
24.2,130.7
64.4,130.7
46.8,130.7
30.4,130.6
32.1,130.6
43.0,130.6
51.9,130.6
34.7,130.6
29.2,130.6
29.4,130.6
29.9,130.5
7.3,130.5
56.8,130.5
16.2,130.5
27.5,130.4
69.0,130.4
63.6,130.4
7.7,130.4
53.0,130.3
51.0,130.2
62.8,130.2
9.7,130.2
18.0,130.2
35.3,130.1
20.4,130.0
63.5,129.9
34.6,129.9
10.2,129.9
40.4,129.9
49.5,129.9
48.0,129.9
63.6,129.8
57.0,129.8
23.9,129.8
31.2,129.8
14.7,129.7
57.1,129.7
44.1,129.7
59.2,129.7
23.9,129.6
24.5,129.6
63.1,129.6
12.2,129.5
12.1,129.4
29.6,129.4
58.1,129.4
31.1,129.3
43.0,129.3
62.5,129.2
50.6,129.2
48.7,129.2
32.3,129.2
27.8,129.1
25.2,129.1
8.7,129.1
43.5,129.0
36.2,128.9
57.7,128.9
36.6,128.9
18.1,128.8
44.0,128.8
62.6,128.8
43.9,128.7
17.5,128.7
51.2,128.7
42.5,128.7
44.4,128.5
11.4,128.5
51.6,128.5
56.6,128.4
45.7,128.3
16.3,128.3
62.5,128.2
14.9,128.2
20.7,128.2
16.7,128.2
69.2,128.2
31.6,128.2
16.7,128.1
45.7,128.1
32.3,128.0
44.2,128.0
57.4,128.0
30.4,127.9
42.3,127.9
30.3,127.9
22.8,127.9
9.8,127.9
16.8,127.8
21.0,127.7
29.4,127.7
31.9,127.7
13.8,127.6
59.2,127.6
42.1,127.5
45.6,127.5
52.4,127.5
67.8,127.5
39.2,127.5
29.7,127.4
21.5,127.3
16.3,127.2
19.7,127.2
56.9,127.2
24.8,127.2
64.5,127.2
13.6,127.1
46.6,127.1
10.4,127.1
33.1,127.1
44.4,127.1
56.8,127.0
65.9,127.0
14.0,127.0
16.7,127.0
38.2,126.8
56.8,126.7
45.0,126.6
18.2,126.6
13.2,126.5
67.9,126.5
27.8,126.5
33.3,126.5
40.2,126.5
38.1,126.4
10.2,126.4
32.7,126.4
57.7,126.3
62.1,126.3
19.8,126.3
28.0,126.3
47.6,126.3
65.3,126.3
44.7,126.3
57.8,126.3
57.0,126.3
58.3,126.2
36.6,126.2
45.0,126.1
56.5,126.1
26.2,126.1
23.5,126.0
56.8,126.0
58.2,126.0
12.0,125.9
57.4,125.9
59.7,125.9
69.3,125.9
18.6,125.8
13.5,125.8
61.0,125.8
30.6,125.8
54.3,125.8
18.9,125.6
51.4,125.6
38.1,125.5
40.9,125.4
11.0,125.4
35.2,125.4
27.7,125.3
47.2,125.3
65.1,125.2
17.2,125.1
8.7,125.1
41.2,125.1
23.0,125.1
30.6,125.0
8.6,125.0
64.5,124.9
20.3,124.9
52.8,124.9
8.6,124.8
61.6,124.8
13.5,124.7
25.6,124.7
48.6,124.7
15.7,124.6
49.4,124.6
56.2,124.6
25.9,124.5
27.0,124.5
42.1,124.5
49.5,124.5
57.3,124.5
27.7,124.4
47.3,124.3
37.8,124.3
27.4,124.3
38.2,124.3
15.0,124.3
69.7,124.1
17.3,124.1
14.9,124.0
61.2,124.0
43.8,124.0
59.7,123.9
23.8,123.9
53.6,123.9
48.0,123.9
56.7,123.9
60.9,123.8
45.3,123.8
45.4,123.8
26.2,123.7
47.1,123.7
51.4,123.6
16.2,123.6
58.4,123.6
57.6,123.6
66.9,123.5
27.3,123.4
44.0,123.4
64.1,123.3
34.2,123.3
36.5,123.2
67.0,123.0
64.3,123.0
40.5,122.9
49.1,122.9
20.3,122.9
32.4,122.8
17.6,122.7
10.0,122.7
7.1,122.6
28.3,122.6
45.6,122.6
52.8,122.5
10.1,122.4
38.7,122.4
23.9,122.4
44.7,122.3
44.9,122.3
15.8,122.2
55.3,122.1
56.2,122.1
19.4,122.1
7.6,122.1
14.5,122.1
12.8,122.0
40.8,122.0
12.2,122.0
61.1,122.0
68.3,122.0
28.1,121.9
43.9,121.9
41.4,121.7
40.2,121.7
19.5,121.7
46.8,121.6
22.5,121.6
65.1,121.6
44.6,121.5
32.7,121.5
20.7,121.5
56.5,121.5
53.0,121.4
21.5,121.4
51.5,121.4
31.8,121.4
43.1,121.4
23.2,121.3
57.4,121.3
50.6,121.3
43.7,121.3
51.7,121.3
8.9,121.3
65.6,121.3
47.4,121.2
8.0,121.2
60.4,121.2
68.0,121.2
25.0,121.2
33.4,121.2
65.4,121.1
18.5,121.1
38.3,121.1
7.6,121.0
56.0,120.9
29.2,120.9
27.6,120.9
56.7,120.9
29.7,120.9
58.6,120.9
12.5,120.9
14.7,120.8
8.0,120.7
20.1,120.7
34.8,120.6
10.0,120.6
14.6,120.6
43.4,120.5
27.7,120.5
64.6,120.5
22.5,120.4
60.2,120.4
19.0,120.4
48.3,120.4
60.3,120.3
58.3,120.3
65.6,120.3
46.0,120.2
15.6,120.2
7.5,120.2
33.7,120.2
18.5,120.1
18.6,120.1
40.0,120.1
24.3,120.0
12.6,120.0
15.7,120.0
58.0,119.9
30.6,119.8
39.8,119.8
45.5,119.8
67.8,119.7
23.7,119.7
46.7,119.7
20.6,119.7
62.2,119.7
58.3,119.6
52.5,119.6
34.8,119.6
52.5,119.6
62.0,119.5
30.7,119.5
68.9,119.4
69.4,119.3
14.5,119.3
29.2,119.3
11.2,119.3
32.7,119.3
25.8,119.2
34.4,119.2
50.8,119.2
70.0,119.2
25.3,119.2
37.2,119.2
52.6,119.1
69.9,119.1
21.0,119.1
31.5,119.1
62.6,119.0
56.9,119.0
20.3,118.9
12.0,118.9
23.3,118.9
50.5,118.9
62.9,118.8
45.8,118.8
36.2,118.8
66.7,118.8
20.1,118.6
9.8,118.6
12.1,118.5
57.4,118.5
24.2,118.5
28.1,118.4
41.0,118.4
66.2,118.4
30.2,118.3
21.9,118.3
32.0,118.3
55.4,118.3
57.5,118.2
40.7,118.2
24.0,118.2
21.6,118.2
43.5,118.2
30.8,118.2
39.2,118.2
43.3,118.2
51.4,118.1
49.6,118.1
41.5,118.0
10.7,118.0
19.2,117.8
23.6,117.7
17.2,117.7
26.9,117.7
37.2,117.6
40.8,117.6
57.0,117.6
45.3,117.5
42.2,117.5
65.5,117.5
46.6,117.4
53.8,117.4
60.9,117.4
65.1,117.2
40.3,117.2
21.0,117.2
32.0,117.2
19.5,117.1
19.5,117.1
15.9,117.1
15.8,117.1
63.9,117.0
38.8,117.0
33.6,116.9
52.7,116.9
67.8,116.8
39.0,116.8
37.4,116.8
52.9,116.8
37.1,116.8
40.3,116.8
67.7,116.7
29.6,116.7
22.5,116.7
68.1,116.7
12.6,116.7
48.8,116.6
28.3,116.6
46.5,116.6
16.3,116.6
62.8,116.5
66.7,116.5
21.2,116.5
15.3,116.4
7.1,116.4
69.7,116.4
43.7,116.3
63.8,116.3
61.8,116.2
11.0,116.1
14.1,116.0
13.9,116.0
66.8,116.0
68.0,116.0
22.8,116.0
39.4,115.9
64.1,115.9
49.4,115.9
35.6,115.8
20.1,115.7
63.8,115.7
17.6,115.7
31.3,115.6
54.3,115.6
61.9,115.6
12.3,115.5
65.6,115.5
69.9,115.5
68.4,115.4
49.8,115.3
53.7,115.2
28.0,115.2
40.9,115.2
29.7,115.2
41.3,115.1
68.3,115.1
38.0,115.1
14.8,115.1
55.9,115.0
9.2,115.0
18.3,115.0
62.2,114.9
57.5,114.9
40.4,114.9
41.9,114.9
20.1,114.9
21.5,114.9
48.3,114.8
43.9,114.8
32.8,114.8
12.4,114.8
58.4,114.7
30.6,114.7
27.7,114.7
34.8,114.7
46.7,114.7
64.2,114.6
20.6,114.6
8.6,114.6
44.0,114.6
20.7,114.6
17.0,114.5
27.6,114.5
43.1,114.5
35.1,114.3
52.4,114.2
38.7,114.2
32.3,114.2
7.6,114.2
12.5,114.2
63.5,114.2
16.4,114.2
69.4,114.1
67.2,114.1
59.9,114.0
30.4,114.0
53.1,114.0
43.7,113.9
15.8,113.9
56.2,113.9
64.9,113.8
55.6,113.8
55.2,113.8
28.4,113.7
60.2,113.7
32.1,113.7
10.8,113.6
20.1,113.6
52.2,113.6
23.6,113.6
21.0,113.5
9.1,113.5
18.7,113.5
56.4,113.4
68.2,113.4
11.3,113.3
32.1,113.2
11.8,113.2
57.9,113.2
50.4,113.1
35.1,113.1
45.3,113.1
36.8,113.0
47.3,113.0
61.2,113.0
37.1,113.0
10.7,112.9
57.0,112.9
67.9,112.8
62.4,112.8
67.3,112.8
33.9,112.8
63.2,112.7
51.9,112.6
16.9,112.6
51.4,112.6
8.3,112.6
69.0,112.6
52.8,112.6
8.2,112.5
15.3,112.5
38.6,112.5
22.8,112.5
23.6,112.5
9.3,112.5
18.6,112.4
10.5,112.4
38.6,112.4
13.0,112.4
12.3,112.3
36.6,112.3
17.9,112.3
45.0,112.2
64.1,112.2
58.2,112.2
53.6,112.2
28.4,112.2
59.3,112.2
47.3,112.1
27.5,112.1
59.0,112.1
55.2,112.1
26.1,112.0
60.3,112.0
34.3,112.0
42.6,112.0
51.3,112.0
54.9,112.0
37.8,112.0
22.8,111.9
17.4,111.8
52.7,111.8
63.2,111.8
30.2,111.8
40.1,111.7
8.2,111.7
67.3,111.7
54.5,111.7
11.1,111.7
44.7,111.6
15.1,111.6
64.6,111.5
68.1,111.5
50.6,111.5
30.3,111.5
60.3,111.4
53.8,111.4
8.9,111.4
60.6,111.4
8.3,111.3
25.9,111.3
7.1,111.3
66.7,111.2
22.4,111.2
67.1,111.2
38.9,111.2
54.9,111.2
37.5,111.1
39.7,111.1
10.7,111.1
12.8,111.1
56.8,111.0
45.7,111.0
51.9,111.0
44.2,111.0
53.2,111.0
47.9,111.0
59.8,111.0
28.8,111.0
54.9,110.9
57.5,110.9
24.2,110.9
25.7,110.9
44.9,110.8
9.7,110.8
28.3,110.8
46.3,110.7
36.2,110.7
58.7,110.7
54.4,110.5
68.4,110.5
23.5,110.5
51.7,110.4
44.8,110.4
48.6,110.4
53.0,110.4
45.3,110.3
18.3,110.3
19.7,110.3
42.2,110.3
34.4,110.2
45.2,110.2
38.2,110.2
17.1,110.2
17.6,110.1
67.8,110.1
7.5,110.1
29.6,109.9
34.4,109.9
22.7,109.9
23.5,109.8
37.8,109.8
28.5,109.8
8.7,109.8
53.6,109.7
51.5,109.7
41.7,109.5
30.0,109.5
15.6,109.5
43.9,109.5
9.8,109.5
24.6,109.5
43.7,109.4
24.3,109.3
13.2,109.3
67.8,109.3
11.2,109.3
38.1,109.2
17.5,109.1
50.4,109.1
57.1,109.1
64.6,109.0
43.2,109.0
69.9,109.0
58.6,108.9
31.3,108.9
8.6,108.9
48.6,108.8
60.1,108.8
67.0,108.7
48.9,108.7
26.9,108.7
34.3,108.6
16.7,108.6
47.8,108.6
8.0,108.5
10.2,108.5
13.1,108.5
33.1,108.4
69.8,108.4
68.9,108.4
49.7,108.4
64.8,108.4
27.6,108.4
28.1,108.3
14.8,108.3
18.4,108.3
53.0,108.3
56.8,108.3
14.9,108.3
44.3,108.2
39.5,108.2
51.8,108.2
66.9,108.1
32.9,108.1
26.0,108.1
37.5,108.1
9.5,108.1
24.7,108.1
62.6,108.0
17.3,108.0
55.9,108.0
36.8,108.0
61.4,107.9
26.2,107.8
46.3,107.8
46.4,107.8
62.0,107.7
41.7,107.7
23.2,107.6
22.5,107.6
46.4,107.4
57.1,107.4
56.8,107.4
66.3,107.3
32.3,107.3
61.2,107.3
65.8,107.3
32.8,107.3
18.2,107.3
32.0,107.3
49.8,107.3
37.9,107.3
19.6,107.2
29.7,107.2
28.1,107.2
34.6,107.1
42.9,107.1
43.6,107.1
30.3,106.9
45.8,106.9
47.5,106.9
53.8,106.9
26.0,106.9
31.7,106.8
17.0,106.8
27.3,106.8
15.0,106.8
11.3,106.7
20.9,106.7
35.3,106.6
38.3,106.6
69.4,106.6
19.7,106.6
50.1,106.6
52.4,106.6
47.3,106.5
47.2,106.5
67.9,106.5
41.3,106.5
9.0,106.5
22.4,106.5
11.9,106.5
13.4,106.3
69.6,106.2
63.2,106.2
48.2,106.2
27.2,106.1
50.1,106.1
63.5,106.0
20.2,106.0
54.8,106.0
43.9,105.9
18.0,105.9
36.2,105.9
31.1,105.8
37.1,105.7
15.4,105.7
68.8,105.7
63.0,105.7
58.5,105.6
13.9,105.6
34.6,105.6
68.8,105.6
53.0,105.6
53.0,105.6
32.2,105.5
65.6,105.5
41.8,105.5
35.2,105.4
42.4,105.4
69.1,105.3
10.2,105.3
27.3,105.3
13.9,105.3
52.3,105.3
68.3,105.2
65.3,105.2
25.5,105.1
64.0,105.1
51.8,105.0
44.1,105.0
34.9,104.9
15.0,104.9
28.0,104.9
55.2,104.9
66.4,104.8
63.4,104.8
67.0,104.8
30.4,104.8
28.6,104.7
55.6,104.7
62.8,104.6
53.9,104.6
59.8,104.6
56.0,104.6
16.0,104.6
27.2,104.5
25.4,104.5
56.1,104.5
17.8,104.5
17.0,104.4
69.7,104.4
8.1,104.3
59.5,104.3
42.4,104.2
54.6,104.2
37.2,104.1
57.9,104.1
24.9,104.1
11.7,104.1
18.0,104.1
16.6,104.1
26.9,104.0
50.1,104.0
19.9,104.0
18.7,103.9
54.2,103.9
25.4,103.9
18.0,103.8
43.3,103.7
21.8,103.6
58.8,103.6
56.5,103.6
28.7,103.6
50.5,103.5
41.5,103.4
55.7,103.3
8.6,103.3
31.2,103.2
61.8,103.2
15.2,103.2
58.3,103.2
35.1,103.2
68.7,103.2
49.9,103.1
55.5,103.1
28.6,103.0
47.9,103.0
39.8,103.0
44.2,103.0
62.5,103.0
62.1,103.0
42.1,102.9
63.1,102.9
62.1,102.9
55.8,102.9
16.4,102.9
33.8,102.9
40.1,102.7
68.3,102.7
7.8,102.7
28.4,102.5
67.4,102.5
11.3,102.5
13.2,102.4
47.3,102.4
47.6,102.3
40.5,102.3
35.2,102.2
66.0,102.1
17.3,102.1
17.0,102.1
12.2,102.1
63.9,102.1
21.2,102.1
36.2,102.0
32.4,102.0
15.4,101.9
36.7,101.9
48.9,101.9
22.5,101.9
35.5,101.8
19.5,101.8
23.9,101.8
39.2,101.8
57.8,101.8
9.6,101.7
26.0,101.7
32.0,101.7
51.0,101.7
37.4,101.6
17.5,101.6
52.1,101.6
39.4,101.5
15.1,101.4
38.4,101.4
65.5,101.4
35.2,101.4
47.5,101.3
24.4,101.3
61.5,101.3
60.6,101.2
10.3,101.2
31.0,101.2
68.3,101.2
62.2,101.2
25.8,101.2
28.3,101.1
48.9,101.1
25.5,101.1
13.1,101.0
33.3,101.0
35.9,101.0
52.3,100.9
44.1,100.8
45.6,100.8
24.1,100.8
55.4,100.7
65.8,100.7
38.8,100.6
52.7,100.4
68.0,100.3
55.1,100.3
16.1,100.3
14.1,100.3
60.1,100.3
52.3,100.2
50.2,100.2
23.9,100.2
9.3,100.2
47.6,100.2
41.2,100.1
26.0,100.1
51.6,100.1
59.7,100.1
39.4,100.1
48.1,100.0
40.3,100.0
49.8,99.9
48.7,99.9
13.6,99.9
11.4,99.9
64.1,99.9
50.1,99.8
17.6,99.8
34.5,99.8
39.2,99.7
21.6,99.7
53.8,99.7
15.7,99.6
69.1,99.6
35.5,99.5
33.4,99.5
42.6,99.3
12.9,99.3
34.9,99.3
56.5,99.2
49.5,99.2
28.1,99.2
57.5,99.1
7.4,99.1
63.0,99.1
47.2,99.1
52.1,99.1
60.2,99.1
45.4,99.1
13.8,99.0
20.1,99.0
50.7,99.0
53.8,98.9
46.4,98.9
59.7,98.8
7.3,98.8
33.6,98.6
17.4,98.6
15.1,98.6
21.2,98.6
52.4,98.5
14.8,98.5
11.9,98.5
18.6,98.5
39.9,98.5
39.0,98.4
56.5,98.3
17.1,98.3
15.6,98.3
65.3,98.2
56.7,98.2
40.7,98.1
30.8,98.1
61.9,98.0
62.8,98.0
47.9,98.0
37.6,97.9
38.5,97.9
22.1,97.8
65.3,97.8
59.0,97.8
43.7,97.8
56.3,97.8
40.4,97.7
63.1,97.7
61.6,97.7
12.3,97.7
9.3,97.6
39.1,97.5
54.3,97.5
44.5,97.5
22.2,97.5
60.5,97.4
67.0,97.3
36.0,97.3
69.0,97.3
11.2,97.2
10.8,97.2
31.5,97.2
20.3,97.2
49.6,97.2
20.1,97.1
50.0,97.1
44.6,97.1
58.9,97.1
37.5,97.1
39.0,97.1
54.3,97.0
14.1,97.0
7.2,96.9
28.6,96.9
68.6,96.8
30.9,96.8
19.7,96.7
32.7,96.7
52.2,96.7
63.8,96.7
24.5,96.7
35.2,96.7
12.0,96.7
40.6,96.6
21.9,96.6
47.5,96.6
20.2,96.6
27.6,96.5
28.3,96.5
33.4,96.5
7.9,96.5
46.3,96.4
14.6,96.4
17.0,96.4
64.3,96.4
44.6,96.4
28.3,96.3
60.5,96.3
69.5,96.3
53.3,96.3
30.5,96.3
7.2,96.2
32.0,96.2
28.6,96.2
45.9,96.2
52.5,96.2
46.7,96.2
51.5,96.1
32.3,96.1
7.1,96.1
36.0,96.0
68.7,96.0
61.9,96.0
40.9,95.8
61.2,95.8
62.5,95.7
36.4,95.7
30.4,95.7
32.2,95.7
36.4,95.6
12.2,95.6
42.5,95.6
44.3,95.6
27.6,95.5
33.1,95.5
30.7,95.5
33.0,95.5
9.8,95.4
51.3,95.4
34.2,95.4
24.2,95.3
43.9,95.3
67.5,95.3
17.9,95.2
48.1,95.2
44.4,95.2
29.4,95.2
68.0,95.1
47.9,95.1
22.1,95.1
7.1,95.1
21.7,95.1
50.7,95.1
24.4,95.0
29.8,95.0
58.3,94.9
50.7,94.8
33.9,94.8
60.7,94.8
40.8,94.8
46.4,94.7
68.3,94.7
34.0,94.7
37.3,94.5
44.7,94.5
47.4,94.4
17.8,94.4
28.0,94.3
13.7,94.3
15.6,94.3
40.7,94.3
15.3,94.3
30.2,94.2
66.4,94.2
48.0,94.2
17.1,94.2
43.3,94.2
61.4,94.1
69.8,94.0
37.3,93.9
55.1,93.9
19.5,93.9
11.4,93.8
44.1,93.8
31.4,93.8
67.2,93.6
68.0,93.6
35.6,93.6
38.9,93.5
58.5,93.5
43.4,93.5
69.1,93.5
48.4,93.5
47.9,93.4
48.4,93.4
25.6,93.4
60.8,93.3
29.1,93.3
13.3,93.3
41.3,93.2
57.0,93.2
40.9,93.2
17.9,93.2
67.7,93.2
40.4,93.1
28.9,93.1
49.1,93.0
56.3,92.9
41.8,92.9
10.0,92.8
40.4,92.8
16.1,92.8
65.4,92.7
52.6,92.6
37.5,92.5
39.3,92.5
12.2,92.5
25.1,92.4
62.0,92.4
7.3,92.4
11.5,92.3
11.0,92.3
32.0,92.3
41.5,92.3
34.3,92.3
65.6,92.3
61.1,92.2
46.6,92.2
67.3,92.2
22.4,92.1
63.4,92.1
56.7,92.1
66.0,92.1
16.7,92.1
7.3,92.0
57.9,92.0
65.5,92.0
13.1,92.0
63.9,91.9
57.6,91.9
50.4,91.9
21.7,91.8
51.6,91.7
10.7,91.7
23.6,91.7
36.5,91.6
60.9,91.6
20.0,91.5
51.5,91.4
68.6,91.4
37.7,91.4
13.6,91.3
50.5,91.3
54.3,91.3
67.3,91.3
38.5,91.2
39.4,91.2
8.8,91.2
53.1,91.1
54.7,91.1
16.5,91.1
28.1,91.1
35.6,91.0
41.1,91.0
19.7,91.0
50.8,90.9
37.7,90.9
64.4,90.9
69.6,90.9
67.6,90.8
13.5,90.8
44.9,90.8
59.1,90.8
50.2,90.7
43.3,90.7
13.2,90.7
64.9,90.7
10.1,90.7
58.8,90.7
65.1,90.6
66.8,90.6
55.5,90.6
33.5,90.6
47.8,90.5
58.7,90.5
16.5,90.5
7.1,90.5
13.4,90.5
13.1,90.5
26.8,90.5
27.7,90.4
35.2,90.4
7.4,90.4
10.7,90.4
65.8,90.3
53.3,90.2
13.8,90.1
47.3,90.1
31.9,90.1
62.1,90.0
56.8,90.0
29.2,90.0
41.5,89.9
46.0,89.9
63.8,89.9
55.3,89.9
62.9,89.7
7.5,89.6
20.0,89.6
62.4,89.6
20.9,89.6
48.5,89.6
21.6,89.5
46.1,89.5
15.4,89.4
62.5,89.4
36.4,89.3
10.5,89.2
57.3,89.2
31.2,89.2
18.9,89.2
32.1,89.2
58.9,89.2
52.3,89.1
33.5,89.1
62.4,89.0
19.7,89.0
68.6,89.0
63.7,88.9
20.4,88.8
51.7,88.8
28.5,88.8
41.1,88.7
20.0,88.6
64.6,88.5
51.2,88.5
28.9,88.5
7.5,88.5
59.8,88.5
49.4,88.4
27.6,88.3
47.5,88.3
30.8,88.1
54.6,88.0
28.5,87.8
15.5,87.8
19.4,87.8
36.4,87.8
19.5,87.7
32.4,87.6
46.6,87.6
10.2,87.6
47.3,87.5
63.0,87.5
30.1,87.5
56.1,87.5
45.8,87.5
58.7,87.5
19.4,87.3
54.0,87.3
57.8,87.3
59.5,87.3
32.4,87.1
56.6,87.1
22.8,87.1
52.3,87.1
62.1,87.1
17.4,87.0
41.9,87.0
39.7,86.9
40.5,86.9
16.6,86.9
66.9,86.9
13.0,86.9
45.4,86.9
42.9,86.9
26.6,86.9
22.8,86.9
19.9,86.7
49.7,86.7
30.3,86.7
35.5,86.7
52.2,86.7
43.8,86.7
37.1,86.6
17.4,86.6
46.0,86.6
38.4,86.6
37.2,86.6
62.4,86.5
18.9,86.5
51.6,86.5
42.9,86.4
24.8,86.3
59.9,86.3
11.1,86.2
66.8,86.2
31.8,86.2
36.5,86.1
18.1,86.1
30.1,86.1
28.8,86.0
40.7,86.0
47.5,85.9
56.5,85.9
26.9,85.9
57.1,85.8
25.7,85.8
67.1,85.8
32.5,85.8
58.7,85.8
25.5,85.8
47.4,85.7
69.2,85.7
9.9,85.6
13.7,85.6
49.1,85.6
48.6,85.6
48.5,85.5
53.5,85.5
53.7,85.4
30.4,85.4
33.0,85.2
42.2,85.2
21.5,85.1
40.3,85.1
34.2,85.1
39.8,85.1
35.5,85.1
8.2,85.0
24.2,85.0
32.6,85.0
46.0,84.9
53.7,84.9
47.1,84.9
16.0,84.8
10.2,84.8
67.8,84.8
46.2,84.7
42.5,84.6
29.9,84.6
25.6,84.6
56.6,84.6
60.5,84.6
35.9,84.5
35.1,84.5
63.3,84.4
52.0,84.4
56.7,84.4
49.0,84.4
54.0,84.4
24.6,84.4
14.0,84.3
60.1,84.3
51.8,84.3
30.9,84.3
60.4,84.3
15.8,84.2
56.9,84.2
30.9,84.1
49.3,84.1
16.2,84.1
17.4,84.1
35.7,84.1
10.5,84.1
53.9,84.0
8.0,84.0
19.1,84.0
7.5,84.0
49.1,83.9
30.6,83.9
54.1,83.8
31.7,83.8
69.6,83.7
33.7,83.7
69.4,83.7
30.8,83.7
56.3,83.6
29.4,83.5
19.0,83.4
42.7,83.3
17.9,83.3
19.2,83.2
31.0,83.2
62.9,83.1
61.4,83.1
25.5,83.0
55.2,83.0
43.7,83.0
19.7,82.9
11.6,82.9
41.0,82.8
61.4,82.8
50.9,82.8
33.6,82.8
21.0,82.8
41.3,82.8
24.8,82.7
22.2,82.7
52.6,82.7
49.2,82.7
12.5,82.7
35.8,82.7
51.1,82.6
34.0,82.6
33.9,82.6
36.5,82.5
46.8,82.5
18.7,82.5
8.7,82.5
43.9,82.5
56.7,82.5
55.4,82.4
59.5,82.3
47.2,82.3
25.3,82.2
48.6,82.2
26.3,82.1
26.6,82.1
52.2,82.1
28.7,82.1
60.9,82.0
66.7,82.0
7.7,82.0
13.7,82.0
49.3,81.9
31.8,81.9
22.8,81.9
21.7,81.9
33.1,81.9
52.8,81.8
30.7,81.7
68.0,81.6
19.7,81.6
41.1,81.5
48.7,81.5
43.6,81.5
53.8,81.5
16.9,81.5
55.0,81.5
41.5,81.3
51.2,81.3
59.6,81.3
26.5,81.3
45.6,81.2
55.2,81.2
37.4,81.1
55.7,81.1
52.0,81.0
19.9,81.0
31.1,81.0
64.5,81.0
53.3,81.0
27.9,80.9
9.9,80.9
54.4,80.9
55.2,80.9
31.8,80.8
36.9,80.8
36.0,80.8
64.8,80.7
23.4,80.6
54.4,80.6
40.0,80.5
42.7,80.5
52.3,80.5
35.6,80.4
16.9,80.2
22.5,80.2
8.1,80.2
39.8,80.2
45.9,80.2
37.4,80.1
25.6,80.1
56.3,80.1
31.4,80.1
35.0,80.0
38.1,80.0
29.2,80.0
33.2,80.0
14.5,79.9
40.1,79.8
44.2,79.7
9.5,79.6
10.0,79.6
25.6,79.6
29.3,79.5
21.2,79.5
34.7,79.5
40.4,79.4
66.9,79.3
68.6,79.3
66.5,79.2
50.2,79.2
38.8,79.2
11.5,79.2
11.4,79.2
28.9,79.1
56.7,79.1
54.5,79.1
51.2,79.0
11.9,79.0
39.0,78.9
7.4,78.9
46.8,78.9
57.6,78.9
36.0,78.8
16.1,78.8
47.7,78.7
63.6,78.7
16.1,78.7
35.8,78.7
54.8,78.7
41.8,78.6
52.5,78.6
60.2,78.6
68.1,78.6
13.9,78.5
58.7,78.5
58.3,78.5
57.8,78.4
27.2,78.4
14.6,78.4
11.7,78.4
51.4,78.4
22.5,78.3
38.2,78.3
8.9,78.3
57.7,78.3
46.6,78.2
68.1,78.2
56.6,78.2
45.2,78.2
31.4,78.2
25.4,78.1
25.4,78.1
13.1,78.1
21.0,78.0
40.2,78.0
15.7,77.9
34.0,77.9
36.9,77.8
48.7,77.8
46.3,77.7
10.7,77.7
50.5,77.6
65.0,77.6
56.8,77.6
40.3,77.5
46.3,77.3
18.1,77.3
20.6,77.3
10.9,77.3
8.6,77.2
49.6,77.2
30.5,77.2
55.5,77.2
59.6,77.2
56.5,77.1
32.0,77.0
49.3,77.0
31.5,77.0
65.8,77.0
34.7,77.0
29.7,76.9
22.0,76.9
38.4,76.9
50.1,76.9
48.9,76.9
29.8,76.7
46.1,76.7
7.0,76.7
65.0,76.7
57.9,76.6
37.7,76.6
23.6,76.6
58.2,76.5
33.5,76.5
32.0,76.5
39.8,76.5
25.9,76.3
68.1,76.3
33.5,76.3
60.6,76.3
41.9,76.3
28.9,76.3
38.6,76.2
64.5,76.2
11.5,76.2
12.5,76.1
18.7,76.0
52.9,76.0
67.0,76.0
58.1,76.0
56.4,76.0
27.0,75.9
55.3,75.9
33.2,75.9
40.5,75.8
15.6,75.8
27.7,75.8
51.0,75.8
69.1,75.8
60.3,75.8
37.9,75.7
47.2,75.7
43.4,75.7
12.9,75.7
61.4,75.6
62.5,75.6
24.9,75.6
7.4,75.4
11.5,75.4
35.9,75.4
40.3,75.3
37.5,75.3
58.8,75.2
47.5,75.2
49.0,75.2
48.9,75.1
36.2,75.1
8.3,75.1
17.3,75.0
20.3,75.0
35.7,75.0
45.5,75.0
25.2,74.9
9.9,74.8
55.9,74.8
7.4,74.8
55.1,74.8
55.4,74.8
20.3,74.7
20.5,74.7
65.8,74.7
14.2,74.6
43.6,74.6
16.4,74.5
40.5,74.5
56.5,74.5
44.5,74.5
18.7,74.5
58.7,74.4
14.7,74.4
44.8,74.4
56.1,74.4
9.1,74.4
69.9,74.3
28.4,74.3
39.6,74.3
37.6,74.3
8.6,74.3
25.1,74.2
17.1,74.2
23.8,74.0
12.9,74.0
15.3,74.0
32.8,74.0
31.0,73.9
42.9,73.9
11.6,73.9
19.6,73.8
58.5,73.8
20.2,73.6
68.6,73.6
48.0,73.6
35.7,73.6
43.4,73.6
56.4,73.6
11.4,73.6
64.9,73.6
17.3,73.5
34.2,73.4
19.4,73.3
16.5,73.3
15.5,73.3
12.4,73.3
54.7,73.3
60.7,73.2
63.5,73.2
46.0,73.2
56.7,73.2
59.9,73.2
18.7,73.1
54.8,73.1
57.2,73.0
36.8,72.9
7.7,72.9
45.4,72.9
63.0,72.9
61.8,72.7
66.4,72.7
18.1,72.7
31.3,72.6
41.2,72.6
7.2,72.6
13.7,72.5
7.8,72.5
53.3,72.5
41.0,72.5
63.6,72.4
29.8,72.4
9.2,72.4
66.4,72.4
23.6,72.3
28.9,72.3
11.4,72.3
43.7,72.3
23.6,72.3
26.3,72.2
63.3,72.1
54.6,72.1
50.7,72.1
47.8,72.0
44.3,72.0
60.9,72.0
54.5,72.0
43.4,71.9
44.7,71.9
14.9,71.9
18.3,71.9
69.4,71.8
33.1,71.7
51.1,71.7
21.0,71.6
51.8,71.6
64.2,71.6
25.4,71.6
10.7,71.5
20.7,71.4
62.7,71.4
68.1,71.4
40.4,71.4
23.3,71.4
20.4,71.4
61.9,71.4
20.0,71.3
24.4,71.3
15.1,71.2
64.7,71.2
13.2,71.2
41.1,71.2
44.2,71.1
14.6,71.1
12.6,71.1
62.2,71.1
22.6,71.1
58.7,71.0
35.3,71.0
28.3,71.0
22.1,71.0
63.5,70.9
64.5,70.9
60.6,70.8
48.6,70.8
67.9,70.8
27.0,70.8
49.9,70.8
47.1,70.8
37.8,70.7
21.1,70.7
19.6,70.7
57.3,70.7
43.6,70.6
35.4,70.5
64.4,70.4
26.1,70.4
64.0,70.4
13.0,70.4
31.6,70.3
39.2,70.3
32.1,70.2
67.5,70.2
27.6,70.2
63.3,70.2
56.0,70.1
52.3,70.1
61.1,70.1
28.9,70.1
58.2,70.0
43.9,70.0
35.1,69.9
15.4,69.9
23.1,69.9
61.3,69.8
31.6,69.8
63.2,69.8
46.1,69.8
41.3,69.8
43.1,69.7
60.8,69.7
53.2,69.6
37.5,69.5
44.6,69.5
65.9,69.5
50.0,69.4
33.4,69.4
26.8,69.4
9.5,69.4
10.7,69.4
64.4,69.4
52.1,69.4
8.1,69.4
69.7,69.3
26.0,69.2
35.0,69.2
20.4,69.1
17.2,69.1
34.0,69.0
36.8,69.0
62.7,69.0
33.2,69.0
7.6,69.0
46.2,68.9
55.7,68.9
39.9,68.9
28.4,68.9
16.5,68.9
13.0,68.9
12.4,68.9
18.3,68.8
41.2,68.8
21.7,68.8
59.1,68.8
14.2,68.8
57.6,68.7
16.0,68.7
19.0,68.7
62.5,68.6
53.9,68.6
33.4,68.6
33.9,68.6
40.9,68.5
67.1,68.4
45.9,68.4
45.8,68.4
15.5,68.3
60.6,68.3
47.1,68.1
51.7,68.1
42.3,68.1
23.5,68.1
56.8,68.0
44.6,68.0
11.9,68.0
37.4,67.9
28.1,67.9
37.6,67.8
58.0,67.8
46.3,67.8
27.8,67.8
53.5,67.7
66.6,67.7
32.7,67.7
61.4,67.6
65.3,67.6
33.6,67.6
17.5,67.5
53.8,67.5
51.9,67.4
31.9,67.4
8.2,67.2
51.7,67.2
34.4,67.1
33.1,67.1
69.4,67.1
62.5,67.1
60.9,67.0
15.7,66.9
31.8,66.9
17.3,66.9
44.3,66.8
45.6,66.8
14.9,66.8
68.0,66.7
17.8,66.7
18.8,66.7
13.1,66.7
8.1,66.7
64.3,66.6
49.2,66.6
55.2,66.6
26.0,66.5
18.2,66.5
7.3,66.4
18.5,66.4
9.2,66.4
17.5,66.3
53.7,66.3
17.6,66.3
66.9,66.3
23.5,66.3
12.8,66.2
20.7,66.1
7.9,66.0
41.9,66.0
50.6,66.0
36.0,65.9
55.1,65.9
13.6,65.9
53.3,65.9
66.2,65.8
19.5,65.8
17.6,65.7
36.7,65.7
45.5,65.7
30.2,65.6
37.8,65.6
53.5,65.5
57.4,65.5
34.7,65.5
57.3,65.5
18.9,65.4
60.3,65.4
45.0,65.4
18.7,65.2
14.5,65.2
27.2,65.2
56.0,65.1
36.2,65.1
53.9,65.1
58.8,65.0
28.1,65.0
19.3,65.0
15.5,65.0
46.1,65.0
66.7,64.9
54.0,64.9
66.9,64.9
22.0,64.7
69.9,64.7
34.8,64.7
59.9,64.6
62.3,64.6
42.4,64.6
47.0,64.6
14.7,64.6
27.0,64.6
8.2,64.5
15.3,64.5
11.0,64.4
26.3,64.4
56.0,64.4
34.3,64.3
33.0,64.3
17.8,64.3
69.1,64.3
28.9,64.3
67.7,64.3
53.2,64.2
69.4,64.1
46.8,64.1
21.9,64.1
37.5,64.0
34.8,64.0
28.6,64.0
10.6,64.0
33.2,64.0
20.3,63.9
45.2,63.9
39.0,63.9
52.6,63.9
41.1,63.9
15.0,63.9
55.7,63.8
61.3,63.8
13.1,63.8
54.6,63.8
33.9,63.8
15.2,63.8
15.4,63.8
50.6,63.7
46.0,63.7
23.5,63.7
46.5,63.7
24.7,63.6
67.7,63.5
9.9,63.5
35.6,63.5
39.1,63.5
40.5,63.5
20.2,63.5
57.4,63.3
7.0,63.3
56.1,63.3
28.6,63.2
64.7,63.2
17.4,63.2
13.2,63.1
56.2,63.1
47.1,63.0
16.2,63.0
63.1,62.9
18.6,62.9
11.4,62.9
31.0,62.9
32.8,62.9
18.1,62.8
59.0,62.8
56.8,62.8
17.9,62.8
18.5,62.7
12.2,62.6
27.8,62.6
67.8,62.6
56.7,62.6
25.0,62.6
43.7,62.5
10.9,62.5
52.1,62.5
66.1,62.5
12.8,62.5
22.8,62.3
50.0,62.2
20.8,62.2
59.9,62.2
16.2,62.2
59.5,62.1
68.8,62.1
17.8,62.1
30.0,62.0
69.3,62.0
67.6,62.0
63.1,61.9
19.3,61.9
34.0,61.9
58.8,61.9
47.2,61.8
40.4,61.8
60.2,61.7
56.0,61.7
18.8,61.7
52.9,61.6
14.8,61.6
49.6,61.6
67.3,61.5
40.0,61.5
19.5,61.5
19.9,61.4
55.3,61.4
17.1,61.4
65.5,61.4
33.7,61.3
7.2,61.3
69.4,61.3
67.3,61.2
52.8,61.2
67.0,61.2
21.8,61.2
13.8,61.2
61.8,61.1
7.6,61.1
23.9,61.0
9.0,61.0
11.1,60.8
61.5,60.7
53.7,60.7
67.3,60.7
25.0,60.7
26.7,60.6
44.0,60.6
47.8,60.6
21.0,60.6
41.1,60.5
25.8,60.5
64.4,60.5
65.1,60.5
60.4,60.4
14.8,60.4
11.9,60.2
39.7,60.2
16.2,60.2
45.1,60.2
54.5,60.2
48.9,60.1
34.2,60.1
10.7,60.1
14.9,60.1
39.7,60.1
35.0,60.0
51.5,60.0
17.5,60.0
64.8,60.0
27.9,59.9
13.9,59.9
58.5,59.9
17.3,59.9
17.9,59.9
11.1,59.8
21.4,59.8
38.0,59.8
49.5,59.8
39.9,59.8
11.2,59.8
29.1,59.8
59.9,59.7
53.5,59.7
23.8,59.6
47.0,59.6
54.2,59.6
69.7,59.6
19.2,59.6
37.0,59.5
32.5,59.5
59.2,59.5
38.5,59.5
40.4,59.4
27.0,59.4
9.6,59.3
21.3,59.3
37.6,59.3
58.0,59.2
9.7,59.1
50.9,59.1
42.3,59.1
65.7,59.0
38.4,58.9
24.6,58.9
58.9,58.9
60.9,58.8
11.5,58.8
59.9,58.7
47.9,58.7
24.5,58.7
24.6,58.6
56.3,58.6
65.7,58.5
53.2,58.4
19.1,58.4
20.7,58.4
11.1,58.3
25.3,58.3
37.9,58.3
69.8,58.2
67.3,58.2
7.2,58.2
22.8,58.2
33.9,58.1
26.7,58.1
34.0,58.1
11.2,58.1
52.0,58.0
55.4,58.0
31.2,58.0
48.1,57.9
16.6,57.9
12.6,57.9
50.9,57.8
15.3,57.8
68.9,57.7
66.7,57.7
20.2,57.7
61.8,57.6
16.3,57.6
7.9,57.6
15.0,57.6
52.4,57.5
38.9,57.5
60.4,57.5
65.0,57.5
16.9,57.5
46.3,57.4
16.9,57.4
57.1,57.4
37.0,57.4
65.6,57.4
21.4,57.4
45.2,57.4
20.8,57.3
16.5,57.3
27.9,57.3
34.5,57.3
21.3,57.3
48.7,57.2
61.9,57.2
10.9,57.1
45.0,57.1
37.4,57.0
66.4,57.0
20.2,57.0
63.3,56.9
36.5,56.9
23.5,56.9
44.6,56.9
35.6,56.8
40.0,56.8
38.5,56.8
38.0,56.8
67.2,56.7
56.9,56.7
50.6,56.7
59.6,56.6
28.1,56.6
50.6,56.5
14.3,56.5
66.5,56.5
33.4,56.5
30.8,56.4
26.6,56.3
58.9,56.2
48.5,56.2
9.9,56.2
54.9,56.2
16.1,56.2
69.3,56.2
37.6,56.1
13.4,56.1
7.9,56.1
66.2,56.1
19.9,56.0
50.1,55.9
65.8,55.9
49.3,55.9
69.9,55.8
70.0,55.7
30.8,55.7
37.9,55.7
31.6,55.7
66.5,55.7
40.9,55.7
21.2,55.6
62.3,55.5
65.0,55.5
51.8,55.5
49.3,55.5
12.3,55.4
21.4,55.3
7.5,55.3
45.4,55.3
31.3,55.2
21.0,55.2
10.8,55.1
18.6,55.1
25.9,55.0
33.3,55.0
42.8,55.0
65.2,55.0
48.7,55.0
49.6,54.9
7.6,54.9
15.1,54.9
21.1,54.9
28.8,54.9
39.4,54.9
50.5,54.8
16.6,54.8
46.1,54.8
54.7,54.7
16.3,54.7
7.3,54.7
66.3,54.7
65.1,54.7
52.3,54.6
61.6,54.6
14.5,54.6
31.6,54.5
48.0,54.5
15.6,54.5
26.7,54.4
37.6,54.3
59.3,54.2
9.5,54.2
11.6,54.2
62.9,54.2
27.8,54.2
27.4,54.2
24.0,54.1
49.2,54.1
19.6,54.0
54.2,54.0
25.8,53.9
16.9,53.8
14.1,53.8
13.6,53.8
25.1,53.8
64.6,53.8
36.4,53.7
47.1,53.7
28.7,53.7
36.6,53.7
45.4,53.7
40.1,53.7
65.7,53.7
19.8,53.7
26.9,53.6
12.5,53.6
26.9,53.5
36.9,53.5
39.8,53.4
53.2,53.4
8.0,53.4
32.9,53.3
58.2,53.3
30.3,53.2
13.0,53.2
15.1,53.1
67.6,53.1
29.8,53.1
62.7,52.9
17.9,52.9
35.7,52.9
15.3,52.9
13.0,52.9
21.1,52.9
7.5,52.9
7.3,52.9
64.6,52.8
41.2,52.7
51.6,52.6
67.1,52.6
58.0,52.6
9.1,52.6
67.4,52.6
16.9,52.5
69.7,52.5
18.1,52.5
16.8,52.5
27.8,52.4
62.2,52.4
27.1,52.4
66.0,52.3
33.5,52.2
36.1,52.2
66.2,52.2
50.4,52.2
33.5,52.1
52.5,52.1
38.2,52.0
17.6,52.0
62.3,52.0
27.9,52.0
32.2,51.9
67.8,51.9
24.1,51.9
35.1,51.9
54.4,51.9
40.1,51.7
28.1,51.7
44.1,51.7
61.7,51.7
29.9,51.7
57.8,51.7
23.8,51.7
29.8,51.6
37.9,51.6
35.9,51.6
9.8,51.5
15.4,51.5
16.4,51.5
29.2,51.3
63.9,51.3
29.2,51.3
48.6,51.3
37.3,51.2
25.6,51.2
65.8,51.2
65.8,51.1
62.6,51.0
56.9,51.0
49.8,51.0
16.3,51.0
46.3,51.0
13.1,50.9
21.3,50.9
66.9,50.9
40.7,50.9
39.9,50.8
54.2,50.8
58.7,50.8
16.4,50.7
25.3,50.7
19.6,50.7
28.8,50.7
32.7,50.7
48.7,50.7
27.8,50.6
67.2,50.6
59.5,50.5
36.2,50.5
40.4,50.5
11.9,50.5
21.8,50.5
48.9,50.4
10.8,50.4
11.1,50.4
52.8,50.4
30.8,50.4
16.4,50.2
29.4,50.2
54.1,50.1
55.2,49.9
45.2,49.9
26.7,49.9
60.9,49.8
52.6,49.8
56.3,49.7
17.6,49.7
48.3,49.6
7.4,49.6
28.1,49.6
69.3,49.5
69.0,49.5
52.1,49.5
28.2,49.5
63.3,49.5
32.2,49.4
62.0,49.4
17.7,49.4
10.8,49.4
61.4,49.4
61.6,49.4
37.4,49.4
31.5,49.4
58.6,49.3
42.7,49.3
27.6,49.2
64.2,49.2
12.4,49.1
37.4,49.0
57.6,49.0
17.6,49.0
68.1,48.9
49.0,48.8
47.8,48.8
33.8,48.7
12.1,48.6
21.1,48.5
53.1,48.5
61.7,48.5
19.8,48.5
21.2,48.4
18.3,48.4
31.2,48.4
21.4,48.4
33.3,48.4
8.7,48.3
55.1,48.3
41.4,48.2
36.4,48.2
27.9,48.2
23.2,48.1
59.0,48.1
11.9,48.1
10.7,48.1
29.2,48.0
39.5,48.0
35.2,48.0
12.1,47.9
47.0,47.9
9.2,47.9
31.4,47.9
8.1,47.8
18.3,47.7
17.4,47.6
67.6,47.5
19.1,47.5
26.1,47.5
59.2,47.5
33.8,47.4
53.8,47.4
56.0,47.4
16.8,47.4
29.0,47.4
49.0,47.3
64.2,47.3
56.1,47.3
39.8,47.3
9.4,47.3
7.8,47.2
64.4,47.1
42.8,47.0
30.3,47.0
34.0,47.0
61.9,47.0
9.5,47.0
12.0,47.0
11.0,46.9
43.4,46.9
25.8,46.9
69.6,46.9
53.8,46.8
69.4,46.8
18.8,46.8
31.9,46.8
40.0,46.8
37.9,46.7
67.0,46.6
25.2,46.6
54.6,46.6
66.9,46.5
12.4,46.5
57.6,46.5
41.5,46.4
39.6,46.4
29.0,46.4
15.8,46.4
40.7,46.3
48.0,46.2
62.8,46.2
59.4,46.2
32.7,46.2
62.6,46.2
15.4,46.2
63.8,46.1
59.8,46.1
44.4,46.1
47.2,46.1
32.7,46.1
10.9,46.1
18.0,46.1
40.1,46.0
17.2,46.0
34.7,46.0
28.6,46.0
53.8,46.0
63.5,46.0
46.4,45.9
10.8,45.9
35.3,45.9
41.1,45.9
27.0,45.8
64.0,45.8
47.2,45.8
20.4,45.8
27.2,45.8
52.8,45.8
56.1,45.7
28.6,45.7
60.8,45.6
31.0,45.6
51.8,45.6
27.6,45.6
34.1,45.6
12.2,45.6
67.1,45.5
16.7,45.5
12.7,45.5
54.6,45.5
68.1,45.5
48.0,45.4
42.6,45.3
19.5,45.3
33.0,45.3
30.9,45.2
28.1,45.2
33.8,45.2
61.6,45.2
8.0,45.2
9.0,45.1
13.5,45.1
62.6,45.1
51.0,45.1
24.6,45.0
35.7,45.0
48.0,45.0
41.1,45.0
35.0,44.9
43.6,44.9
15.9,44.9
69.4,44.9
60.9,44.9
43.1,44.9
13.7,44.9
10.6,44.9
22.0,44.8
65.0,44.7
45.6,44.7
55.6,44.7
65.0,44.7
13.8,44.6
35.3,44.6
28.0,44.6
15.7,44.6
22.1,44.6
36.8,44.6
58.8,44.6
49.5,44.6
37.8,44.5
39.1,44.5
13.7,44.5
59.0,44.5
45.4,44.4
61.3,44.4
26.3,44.4
58.6,44.4
58.3,44.3
37.0,44.2
41.7,44.2
11.0,44.1
31.5,44.0
64.7,44.0
23.2,44.0
65.7,44.0
37.4,44.0
69.1,43.9
44.9,43.9
13.1,43.9
59.3,43.8
38.0,43.8
55.0,43.8
28.0,43.7
45.5,43.7
21.6,43.7
48.5,43.7
53.9,43.6
43.9,43.5
19.2,43.5
35.6,43.4
26.7,43.4
38.0,43.4
62.4,43.3
33.7,43.2
41.3,43.2
33.3,43.2
64.3,43.2
68.5,43.2
64.3,43.1
27.4,43.0
56.6,43.0
24.9,43.0
23.0,42.9
59.3,42.7
51.4,42.7
36.7,42.7
69.7,42.6
61.3,42.6
21.1,42.5
42.3,42.5
63.7,42.5
50.8,42.5
13.0,42.5
55.2,42.5
51.5,42.4
50.5,42.4
16.3,42.4
54.2,42.4
19.3,42.3
8.7,42.3
35.8,42.1
7.3,42.1
45.0,42.0
56.4,42.0
26.2,42.0
55.1,42.0
56.0,42.0
11.1,41.9
44.7,41.9
33.8,41.8
66.1,41.8
9.0,41.7
66.8,41.7
46.0,41.7
35.6,41.7
34.7,41.6
19.5,41.5
57.8,41.5
62.8,41.5
27.5,41.5
17.0,41.5
7.8,41.4
20.2,41.4
22.1,41.4
29.4,41.4
39.3,41.2
63.0,41.2
48.0,41.2
55.0,41.2
54.2,41.1
46.0,41.1
48.2,41.1
62.2,41.0
61.6,41.0
32.4,41.0
9.8,40.9
61.3,40.9
27.8,40.9
59.0,40.8
7.1,40.8
43.2,40.8
53.3,40.7
36.5,40.7
12.5,40.7
66.2,40.7
47.2,40.7
40.2,40.7
46.0,40.6
53.0,40.6
38.9,40.5
68.9,40.5
10.0,40.5
58.6,40.5
22.6,40.5
49.8,40.5
41.5,40.5
33.2,40.3
59.5,40.3
33.6,40.2
36.8,40.2
18.6,40.1
63.1,40.1
43.6,40.1
10.6,40.1
67.3,40.1
8.1,40.0
11.1,40.0
10.5,39.9
29.1,39.9
36.8,39.9
34.9,39.7
26.4,39.7
44.5,39.6
63.5,39.6
16.4,39.5
38.2,39.4
37.3,39.4
30.4,39.4
7.1,39.4
29.1,39.4
46.9,39.4
10.3,39.3
48.6,39.3
45.6,39.2
68.6,39.2
41.6,39.2
31.7,39.2
19.3,39.2
65.1,39.1
48.6,39.1
30.6,39.1
42.2,38.9
25.5,38.9
7.4,38.8
49.7,38.8
51.4,38.8
13.1,38.7
49.8,38.7
63.0,38.7
35.8,38.7
34.1,38.6
30.0,38.6
27.5,38.6
65.0,38.5
63.2,38.4
50.6,38.4
25.8,38.4
22.4,38.3
16.1,38.3
65.6,38.2
44.9,38.1
30.5,38.1
57.7,38.1
55.2,38.0
32.1,38.0
12.1,38.0
65.4,37.9
40.1,37.9
54.2,37.9
48.5,37.9
9.3,37.9
35.1,37.8
64.6,37.8
44.2,37.8
47.0,37.8
45.9,37.8
60.0,37.8
59.3,37.8
57.5,37.6
29.1,37.5
50.9,37.4
28.8,37.4
54.1,37.4
32.7,37.4
24.5,37.4
27.3,37.3
54.6,37.3
39.3,37.3
63.3,37.3
44.6,37.3
59.4,37.2
67.4,37.2
54.1,37.1
52.2,37.1
20.8,37.0
34.9,36.9
52.6,36.9
44.6,36.9
65.4,36.9
44.4,36.8
38.7,36.7
17.3,36.6
18.2,36.6
48.0,36.6
61.7,36.6
66.5,36.5
63.4,36.5
18.2,36.5
45.2,36.5
39.5,36.4
7.6,36.3
11.9,36.3
63.8,36.3
14.6,36.2
25.7,36.2
11.2,36.2
62.1,36.2
9.7,36.1
64.2,36.1
24.6,36.1
22.2,36.0
9.2,36.0
59.8,36.0
31.8,35.9
19.5,35.9
54.7,35.9
54.0,35.8
57.8,35.7
67.7,35.7
13.9,35.6
68.5,35.6
60.8,35.6
69.6,35.6
42.9,35.6
22.9,35.6
57.1,35.6
34.7,35.4
24.9,35.4
17.2,35.2
45.4,35.1
31.7,35.1
69.8,35.1
59.0,35.1
64.8,35.0
32.3,35.0
35.4,34.9
69.2,34.9
48.8,34.9
7.7,34.8
69.2,34.7
39.1,34.7
57.6,34.7
21.0,34.7
34.5,34.6
55.5,34.6
46.1,34.6
64.7,34.6
9.4,34.4
53.1,34.4
11.5,34.4
26.5,34.3
56.5,34.3
58.1,34.3
11.6,34.2
9.4,34.2
50.5,34.2
46.7,34.1
41.6,34.1
51.2,34.1
10.1,34.0
37.6,34.0
25.0,33.9
63.6,33.9
12.2,33.9
66.6,33.9
21.9,33.9
67.2,33.8
24.6,33.8
11.9,33.8
52.9,33.8
14.1,33.8
36.0,33.7
46.1,33.7
35.9,33.6
9.4,33.6
55.5,33.6
58.4,33.6
21.1,33.6
28.1,33.6
28.2,33.6
48.4,33.5
50.6,33.5
44.9,33.5
37.9,33.5
23.3,33.5
62.1,33.5
34.0,33.4
18.6,33.4
36.2,33.4
59.1,33.4
12.5,33.4
28.1,33.3
19.8,33.3
15.9,33.3
38.4,33.3
67.0,33.2
32.7,33.1
61.1,33.1
44.3,33.1
23.0,33.1
65.4,33.0
11.8,33.0
41.4,33.0
40.0,32.9
57.9,32.9
49.0,32.8
66.7,32.8
39.3,32.8
27.2,32.8
48.3,32.7
25.0,32.6
65.0,32.6
43.4,32.5
27.6,32.5
62.6,32.5
26.2,32.5
24.3,32.5
43.4,32.5
64.8,32.4
48.4,32.4
53.6,32.4
21.2,32.3
55.8,32.2
15.0,32.2
30.9,32.1
44.1,32.1
38.7,32.0
61.0,32.0
12.8,31.9
68.5,31.9
36.5,31.9
43.9,31.8
8.1,31.8
12.5,31.7
43.4,31.7
12.9,31.6
42.4,31.6
53.2,31.6
53.5,31.5
39.0,31.4
68.6,31.4
16.3,31.4
36.3,31.4
62.6,31.2
27.4,31.2
22.4,31.1
51.6,31.1
48.5,31.1
46.7,31.0
20.3,31.0
49.1,31.0
19.5,30.9
46.8,30.9
29.4,30.9
49.6,30.9
49.4,30.9
69.4,30.8
30.2,30.8
45.5,30.8
54.1,30.8
55.6,30.8
51.0,30.8
50.1,30.8
18.8,30.8
35.6,30.7
46.6,30.7
16.9,30.7
34.3,30.7
41.9,30.7
8.0,30.6
65.0,30.6
31.1,30.6
45.8,30.6
27.0,30.5
39.5,30.5
51.0,30.5
24.2,30.5
15.6,30.5
34.1,30.4
36.0,30.4
59.8,30.4
27.0,30.4
26.6,30.3
41.2,30.3
24.0,30.3
30.7,30.3
60.8,30.3
39.9,30.3
55.3,30.3
57.3,30.2
8.7,30.1
68.1,30.1
66.1,30.0
41.8,30.0
11.5,30.0
47.8,30.0
66.2,29.9
23.4,29.9
7.5,29.9
47.9,29.8
10.8,29.7
44.1,29.7
63.3,29.7
65.1,29.7
41.8,29.7
22.2,29.6
66.4,29.6
66.8,29.5
44.3,29.4
33.6,29.4
18.2,29.4
51.3,29.4
61.0,29.4
23.7,29.4
45.6,29.4
31.9,29.3
48.6,29.3
28.2,29.2
53.7,29.1
66.4,29.0
50.9,29.0
57.0,29.0
37.8,29.0
16.3,29.0
9.1,29.0
30.8,28.9
24.9,28.9
17.9,28.9
7.7,28.7
59.0,28.7
17.9,28.7
20.0,28.7
8.4,28.7
33.7,28.7
26.6,28.6
58.7,28.6
25.9,28.6
56.8,28.5
14.7,28.5
37.8,28.4
51.5,28.4
64.0,28.4
25.4,28.4
33.7,28.3
8.7,28.2
66.3,28.2
34.2,28.1
25.2,28.1
11.7,28.1
51.8,28.1
60.9,28.1
41.3,28.0
23.0,28.0
7.7,27.9
24.5,27.8
64.0,27.8
68.0,27.8
54.4,27.8
19.8,27.8
46.6,27.8
69.5,27.8
44.2,27.8
41.8,27.7
9.1,27.6
67.1,27.6
26.1,27.6
22.5,27.6
20.3,27.6
57.6,27.6
59.1,27.5
12.7,27.3
8.0,27.3
57.0,27.2
40.2,27.2
62.9,27.1
38.7,27.1
20.6,27.1
11.1,27.1
16.3,27.0
39.0,27.0
63.4,27.0
31.8,27.0
27.2,26.9
49.8,26.9
64.4,26.9
54.9,26.9
29.8,26.9
59.2,26.8
16.8,26.8
63.9,26.8
51.7,26.8
26.0,26.8
34.3,26.7
28.5,26.7
10.0,26.7
35.7,26.7
60.2,26.7
60.0,26.6
69.4,26.6
45.4,26.6
12.8,26.6
41.0,26.6
18.7,26.5
56.5,26.3
19.5,26.3
63.3,26.3
20.4,26.3
32.1,26.2
66.1,26.2
55.8,26.2
68.3,26.2
34.3,26.1
22.4,26.1
22.6,26.0
50.7,25.9
28.0,25.9
10.3,25.8
31.7,25.8
56.7,25.7
11.5,25.7
7.8,25.7
19.6,25.6
29.5,25.6
19.9,25.6
55.7,25.5
61.9,25.5
11.8,25.5
24.2,25.4
63.6,25.4
57.8,25.3
48.9,25.3
7.8,25.3
52.3,25.3
62.9,25.2
61.3,25.2
48.7,25.2
66.9,25.2
50.0,25.2
24.0,25.1
20.0,25.1
16.9,25.1
11.9,25.0
25.4,25.0
69.6,25.0
7.8,25.0
53.2,25.0
61.9,25.0
12.3,25.0
53.5,24.9
56.5,24.9
8.4,24.9
66.1,24.8
19.3,24.8
54.3,24.7
60.0,24.7
66.1,24.6
42.0,24.6
68.8,24.6
48.4,24.6
14.8,24.5
59.6,24.5
22.4,24.5
35.8,24.4
45.0,24.4
52.2,24.4
9.9,24.4
59.9,24.3
51.3,24.2
51.3,24.2
23.0,24.2
47.3,24.1
28.9,24.0
64.7,24.0
22.6,24.0
57.9,23.9
66.1,23.9
48.8,23.9
16.6,23.8
31.7,23.8
14.5,23.8
60.7,23.7
16.4,23.6
34.2,23.6
35.1,23.6
19.8,23.6
21.8,23.5
45.7,23.5
21.8,23.4
69.5,23.4
58.9,23.4
38.9,23.4
32.2,23.3
57.8,23.3
63.2,23.3
25.9,23.3
62.3,23.1
64.6,23.0
59.8,23.0
11.7,23.0
22.2,22.9
50.7,22.9
23.1,22.9
12.9,22.9
45.9,22.8
11.0,22.8
14.0,22.8
23.1,22.7
10.9,22.6
37.5,22.6
8.4,22.5
27.2,22.5
28.0,22.5
42.9,22.5
34.2,22.5
35.5,22.5
50.4,22.4
10.6,22.4
15.1,22.4
64.5,22.4
21.2,22.3
49.2,22.3
63.4,22.3
39.7,22.3
21.9,22.2
61.5,22.1
65.1,22.1
63.9,22.1
56.4,22.0
16.8,22.0
10.6,22.0
13.5,22.0
7.2,22.0
9.8,21.9
42.3,21.9
60.2,21.8
37.3,21.8
25.0,21.8
69.6,21.7
57.8,21.6
15.7,21.6
24.2,21.6
44.3,21.6
49.1,21.4
69.2,21.4
36.9,21.3
60.3,21.3
66.9,21.3
61.2,21.3
16.7,21.3
13.0,21.3
18.7,21.2
49.6,21.2
56.2,21.2
46.8,21.2
51.8,21.1
23.7,21.1
43.5,21.0
52.9,21.0
57.7,20.9
36.2,20.8
33.5,20.8
49.6,20.7
59.9,20.7
65.4,20.7
28.2,20.7
16.4,20.7
11.9,20.7
40.1,20.6
20.5,20.6
32.7,20.6
68.1,20.6
43.4,20.5
45.5,20.4
70.0,20.4
24.8,20.4
40.7,20.4
24.6,20.4
20.7,20.4
48.4,20.4
33.3,20.4
10.9,20.3
28.7,20.3
51.1,20.3
38.4,20.2
19.0,20.2
13.9,20.2
69.8,20.2
27.2,20.1
41.9,20.1
31.7,20.1
26.5,20.1
48.4,20.1
40.2,20.1
63.9,20.0
18.4,20.0
8.8,20.0
52.6,19.9
66.3,19.9
54.4,19.9
14.0,19.9
29.0,19.8
36.7,19.7
45.8,19.6
40.0,19.6
37.5,19.5
43.2,19.5
46.2,19.4
36.0,19.3
47.3,19.3
57.8,19.3
18.2,19.3
10.0,19.3
10.8,19.2
49.8,19.2
43.6,19.2
31.3,19.1
17.7,19.1
39.7,19.1
54.6,19.0
51.8,19.0
56.1,19.0
25.3,18.9
29.8,18.8
36.7,18.8
19.0,18.7
12.8,18.7
20.4,18.7
41.6,18.7
59.2,18.6
35.4,18.6
27.6,18.6
42.8,18.6
39.2,18.6
25.3,18.3
7.5,18.3
65.0,18.3
33.9,18.2
69.0,18.0
22.9,18.0
50.0,18.0
37.6,17.9
32.1,17.9
63.5,17.8
67.9,17.8
17.1,17.8
46.8,17.7
44.1,17.7
19.5,17.6
66.5,17.6
58.4,17.6
56.1,17.6
46.3,17.6
22.9,17.6
41.8,17.6
10.9,17.5
59.8,17.5
66.9,17.4
61.4,17.4
67.4,17.4
24.4,17.4
58.1,17.3
16.3,17.3
68.6,17.3
68.6,17.2
12.3,17.2
30.0,17.1
55.1,17.1
45.2,17.1
13.8,17.1
62.4,17.1
57.9,17.0
61.7,17.0
47.8,17.0
58.6,17.0
33.0,17.0
19.6,17.0
10.6,16.9
40.1,16.8
25.7,16.8
65.4,16.8
22.0,16.7
40.8,16.7
8.3,16.7
59.8,16.7
66.1,16.6
51.1,16.6
41.8,16.6
30.8,16.6
37.1,16.5
43.5,16.5
17.3,16.4
39.8,16.2
50.5,16.2
31.3,16.2
50.7,16.1
30.7,16.1
31.0,16.1
21.7,16.1
12.9,16.1
57.5,15.9
40.5,15.9
61.0,15.9
68.6,15.8
33.7,15.8
37.8,15.8
45.1,15.7
44.1,15.7
62.1,15.7
11.4,15.6
10.6,15.6
64.4,15.5
50.5,15.5
61.0,15.5
34.4,15.5
17.5,15.4
17.4,15.4
28.6,15.4
10.3,15.4
32.6,15.3
68.5,15.3
18.8,15.3
69.8,15.3
22.0,15.3
24.8,15.3
36.8,15.3
40.4,15.2
69.9,15.2
34.4,15.2
33.7,15.2
26.3,15.1
63.3,15.1
32.0,15.0
64.9,15.0
30.0,15.0
13.0,14.9
29.6,14.9
18.8,14.9
20.3,14.9
58.7,14.9
16.5,14.9
67.0,14.8
63.6,14.8
9.3,14.8
20.8,14.8
14.1,14.8
51.0,14.7
35.3,14.6
52.8,14.6
17.4,14.5
22.2,14.5
34.5,14.5
35.4,14.4
68.7,14.4
48.4,14.3
69.9,14.2
61.0,14.2
34.0,14.2
9.6,14.2
49.5,14.1
14.9,14.1
68.7,14.0
22.1,14.0
22.9,14.0
21.7,13.9
28.3,13.9
43.8,13.8
30.7,13.7
40.0,13.7
65.1,13.7
48.2,13.6
27.4,13.5
54.7,13.5
38.4,13.5
31.0,13.5
21.8,13.5
28.2,13.5
27.6,13.4
26.1,13.4
58.3,13.4
53.5,13.4
60.9,13.4
49.4,13.4
49.5,13.4
56.6,13.3
67.2,13.3
50.0,13.3
44.6,13.3
62.6,13.1
17.8,13.1
42.4,13.0
56.4,13.0
66.6,13.0
18.8,12.9
60.3,12.9
32.8,12.9
29.3,12.8
18.2,12.8
65.8,12.8
9.4,12.8
26.8,12.7
69.7,12.6
37.6,12.6
46.1,12.6
41.9,12.5
39.9,12.5
64.4,12.4
68.2,12.4
62.5,12.4
41.3,12.3
12.2,12.3
11.3,12.1
8.1,12.1
69.0,12.0
42.9,12.0
9.7,12.0
9.8,12.0
53.6,12.0
10.2,12.0
20.1,11.9
10.8,11.9
44.6,11.8
60.8,11.8
69.3,11.8
23.2,11.7
60.3,11.7
52.0,11.6
45.6,11.5
41.0,11.5
12.9,11.5
56.3,11.5
54.1,11.4
67.8,11.4
18.8,11.4
61.9,11.3
50.6,11.3
27.0,11.3
58.8,11.3
49.1,11.2
9.2,11.2
8.1,11.2
38.7,11.2
47.0,11.2
12.5,11.1
8.1,11.1
51.6,11.0
22.9,11.0
15.0,11.0
68.3,11.0
33.9,10.8
23.7,10.8
51.6,10.8
46.7,10.7
62.5,10.7
59.2,10.7
58.6,10.7
23.4,10.7
52.5,10.7
51.1,10.6
65.4,10.6
38.9,10.6
27.7,10.6
48.1,10.5
45.2,10.5
17.5,10.5
44.4,10.5
43.0,10.4
52.6,10.4
18.4,10.4
15.7,10.4
40.8,10.3
21.3,10.3
50.7,10.3
27.0,10.2
67.6,10.2
67.3,10.2
44.1,10.2
62.3,10.2
24.1,10.2
23.1,10.2
13.7,10.1
33.6,10.1
45.2,10.1
45.1,10.0
9.1,10.0
68.8,9.9
16.4,9.9
37.2,9.9
45.0,9.8
65.5,9.8
64.1,9.7
67.9,9.7
21.8,9.7
28.4,9.6
14.5,9.6
33.2,9.6
56.0,9.6
69.4,9.6
11.1,9.5
57.1,9.5
28.0,9.5
66.8,9.4
65.7,9.4
22.5,9.4
25.0,9.3
50.3,9.3
22.5,9.3
11.0,9.2
55.4,9.1
59.5,9.0
9.9,9.0
36.6,9.0
20.0,9.0
42.6,8.9
12.6,8.8
60.1,8.7
11.7,8.7
38.0,8.6
51.3,8.6
9.0,8.6
33.6,8.4
18.4,8.4
15.4,8.4
34.8,8.4
51.5,8.3
60.8,8.3
66.3,8.3
41.2,8.3
46.4,8.2
33.9,8.2
32.7,8.2
19.6,8.2
14.0,8.2
45.5,8.1
21.8,8.1
14.9,8.1
53.9,8.1
37.1,8.1
22.1,8.0
46.3,7.9
40.3,7.9
22.1,7.8
66.9,7.8
13.0,7.7
25.8,7.7
20.4,7.7
11.1,7.6
35.9,7.6
60.7,7.6
67.4,7.6
31.6,7.5
17.1,7.5
42.7,7.5
30.6,7.5
31.2,7.4
66.0,7.4
67.1,7.4
46.1,7.3
52.7,7.2
46.2,7.2
7.4,7.1
54.4,7.0
35.1,7.0
61.7,7.0
64.0,7.0
47.7,7.0
7.6,6.9
60.4,6.9
36.9,6.8
56.5,6.8
16.7,6.8
62.4,6.8
37.4,6.7
42.1,6.7
68.1,6.7
14.3,6.6
53.7,6.6
32.8,6.6
47.3,6.5
8.6,6.5
14.9,6.4
37.9,6.3
24.5,6.3
57.7,6.2
47.7,6.1
11.3,6.1
15.4,6.1
47.1,6.0
21.3,6.0
68.9,5.9
47.8,5.9
46.1,5.8
15.6,5.8
30.2,5.8
20.6,5.8
21.7,5.8
50.8,5.7
8.5,5.6
27.5,5.6
45.3,5.5
65.3,5.4
23.4,5.3
16.8,5.3
42.2,5.3
25.0,5.1
57.6,5.1
52.0,5.1
20.1,5.1
14.0,5.1
24.3,5.0
48.5,5.0
24.2,5.0
32.3,5.0
47.9,5.0
22.9,4.9
32.2,4.9
23.2,4.9
52.8,4.8
61.8,4.6
29.3,4.5
10.3,4.5
32.1,4.5
12.2,4.5
55.4,4.5
53.1,4.4
26.1,4.3
9.2,4.3
21.8,4.2
62.6,4.2
56.5,4.1
68.0,4.1
25.8,4.1
22.7,4.1
9.4,4.1
15.5,4.0
36.3,4.0
57.2,4.0
65.5,4.0
44.7,4.0
52.7,3.9
29.4,3.9
26.5,3.9
29.3,3.9
40.6,3.9
16.3,3.8
51.1,3.8
65.5,3.7
25.6,3.7
17.3,3.7
26.1,3.6
9.9,3.5
49.8,3.5
50.6,3.4
64.5,3.4
51.9,3.3
56.9,3.3
68.0,3.3
25.8,3.3
37.6,3.3
16.0,3.2
11.0,3.2
41.8,3.2
43.0,3.2
31.6,3.1
31.5,3.1
22.2,3.1
63.9,3.0
25.0,3.0
52.1,3.0
20.0,3.0
45.5,2.9
62.6,2.8
55.8,2.8
16.2,2.8
66.0,2.7
30.1,2.7
49.2,2.7
57.7,2.6
34.8,2.6
21.9,2.5
16.0,2.5
61.8,2.5
48.2,2.5
33.2,2.5
40.2,2.4
25.7,2.4
58.9,2.4
31.3,2.4
59.8,2.3
68.2,2.3
17.0,2.3
18.7,2.3
69.9,2.3
49.7,2.2
61.4,2.2
44.8,2.2
15.9,2.2
61.7,2.1
49.3,2.1
15.1,2.0
48.9,2.0
13.6,2.0
23.8,2.0
53.0,2.0
25.6,1.9
67.1,1.9
57.9,1.8
51.3,1.8
62.0,1.8
57.6,1.7
62.1,1.6
62.9,1.6
27.4,1.6
42.3,1.6
14.8,1.6
64.0,1.6
15.8,1.5
48.7,1.5
27.2,1.3
7.5,1.3
16.5,1.3
18.1,1.3
28.8,1.2
27.8,1.2
35.0,1.1
43.9,1.1
14.7,1.1
11.6,1.0
64.6,0.9
34.4,0.9
20.6,0.9
43.2,0.8
16.6,0.8
44.4,0.8
34.3,0.6
53.4,0.6
35.6,0.5
10.8,0.5
41.2,0.3
59.2,0.3
23.0,0.3
8.4,0.2
58.7,0.2
12.7,0.1
21.9,0.1
11.4,0.1
66.5,0.1
19.2,0.0
